# 3ds Max Wavefront OBJ Exporter v0.97b - (c)2007 guruware
# File Created: 12.07.2016 12:23:03

mtllib Fire Extinguisher.mtl

#
# object Fire_Extiguisher
#

v  3.7401 73.4817 -2.6753
v  3.7401 75.5006 -1.5097
v  6.9866 75.5006 -1.5097
v  6.9866 73.4817 -2.6753
v  -2.7793 69.9968 2.1166
v  -3.0087 69.9968 1.8871
v  -3.2499 69.8069 1.9853
v  -3.2499 67.4696 1.9853
v  -2.8799 67.4696 2.3553
v  -2.8799 69.6710 2.3553
v  -2.8799 69.8069 2.3553
v  2.6689 69.9968 2.1166
v  2.7671 69.8069 2.3553
v  2.8983 69.9968 1.8871
v  3.1383 69.8069 1.9866
v  2.7671 69.6710 2.3553
v  3.1383 67.4696 1.9866
v  2.7671 67.4696 2.3553
v  2.6222 69.4791 2.8211
v  -2.7351 69.4791 2.8211
v  -2.7351 67.7803 2.8211
v  2.6222 67.7803 2.8211
v  -3.0087 69.9968 -2.7646
v  -3.2487 69.8069 -2.8641
v  -3.2487 67.4696 -2.8641
v  -1.3793 70.7493 0.3498
v  -1.3793 71.0252 -0.4082
v  -3.7220 71.0252 -0.4082
v  -3.7220 70.7493 0.3498
v  -1.3793 70.1601 0.6771
v  -3.7220 70.1601 0.6771
v  -3.7220 67.4648 0.6771
v  -1.3793 67.4648 0.6771
v  -1.3793 67.4648 -1.4935
v  -3.7220 67.4648 -1.4935
v  -3.7220 70.1601 -1.4935
v  -1.3793 70.1601 -1.4935
v  -1.3793 70.7493 -1.1662
v  -3.7220 70.7493 -1.1662
v  -1.7386 78.9583 -17.3827
v  -1.7386 77.4740 -17.5805
v  -2.0791 77.4318 -17.2639
v  -2.6472 77.5802 -7.0419
v  -2.6291 74.8310 -0.9914
v  -2.6291 74.9260 -0.1517
v  -2.6291 74.3916 -1.5184
v  -2.6291 73.7352 -1.9690
v  -2.6291 74.4665 -7.4568
v  -2.6291 76.3150 -8.8832
v  -2.6472 77.7992 -8.6854
v  -2.0524 78.9161 -17.0662
v  -1.5962 79.1244 -16.9974
v  -1.7289 79.1080 -16.8740
v  -2.2612 78.0114 -8.6455
v  -2.2612 77.7939 -7.0134
v  -2.6472 76.1505 3.6864
v  -2.2612 76.3839 3.5670
v  -2.2012 76.0950 4.1027
v  -2.0521 76.3563 3.7743
v  -2.2012 72.9813 3.6877
v  -2.6291 73.0368 3.2714
v  -2.6291 73.3015 1.2853
v  -2.6291 74.0571 0.9920
v  -2.6291 74.5803 0.5970
v  1.7195 77.4740 -17.5805
v  1.5775 78.6381 -17.0622
v  -1.6238 78.6381 -17.0622
v  -1.7549 78.6218 -16.9397
v  -2.2510 77.5252 -8.7111
v  -2.2510 77.2478 -7.0862
v  -2.2510 74.9468 -1.8075
v  2.6561 74.9260 -0.1517
v  2.6561 74.5803 0.5970
v  2.6561 74.0571 0.9920
v  2.6561 73.3015 1.2853
v  2.6561 73.0368 3.2714
v  2.2203 72.9813 3.6877
v  1.7119 78.6215 -16.9378
v  2.2803 77.5250 -8.7095
v  2.2803 77.2478 -7.0862
v  2.2803 74.9468 -1.8075
v  2.6561 74.8310 -0.9914
v  2.2803 77.7939 -7.0134
v  2.2803 78.0113 -8.6447
v  2.2803 76.3839 3.5670
v  2.6561 76.1505 3.6864
v  2.6561 77.5802 -7.0419
v  2.6561 77.7992 -8.6854
v  1.7119 79.1079 -16.8730
v  1.5775 79.1244 -16.9974
v  2.0613 78.9161 -17.0662
v  2.0613 77.4318 -17.2640
v  2.6561 76.3150 -8.8832
v  2.6561 74.4665 -7.4568
v  2.6561 73.7352 -1.9690
v  1.7195 78.9583 -17.3827
v  2.6561 74.3916 -1.5184
v  2.2203 76.0950 4.1027
v  2.0712 76.3563 3.7743
v  16.3845 74.6159 52.8410
v  14.5224 74.4428 52.8410
v  14.5224 74.6594 41.8892
v  14.5224 75.2753 18.0507
v  15.3831 75.4050 18.0507
v  15.7774 75.2362 19.9857
v  14.5224 75.0926 19.9857
v  15.9797 75.0294 30.9374
v  14.5224 74.8760 30.9374
v  16.1821 74.8226 41.8892
v  17.5891 75.2874 41.8892
v  17.9630 75.1086 52.8410
v  18.5293 75.9830 41.8892
v  18.0407 76.1201 30.9374
v  17.2152 75.4663 30.9374
v  16.8413 75.6452 19.9857
v  18.8594 76.8036 41.8892
v  18.3306 76.8914 30.9374
v  18.5293 77.6241 41.8892
v  18.0407 77.6627 30.9374
v  17.5891 78.3197 41.8892
v  17.2152 78.3165 30.9374
v  16.1821 78.7845 41.8892
v  15.9797 78.7534 30.9374
v  14.5224 78.9068 30.9374
v  15.7774 78.7223 19.9857
v  16.8413 78.3133 19.9857
v  17.5522 77.7012 19.9857
v  17.8018 76.9792 19.9857
v  17.5522 76.2573 19.9857
v  16.1128 75.7743 18.0507
v  16.6003 76.3272 18.0507
v  16.7715 76.9792 18.0507
v  16.6003 77.6313 18.0507
v  16.1128 78.1841 18.0507
v  15.0886 75.7124 17.3802
v  15.5685 76.0096 17.3802
v  15.8893 76.4545 17.3802
v  16.0019 76.9792 17.3802
v  15.8893 77.5040 17.3802
v  15.5685 77.9489 17.3802
v  15.7745 76.4744 15.1697
v  15.8776 76.9792 15.1697
v  15.4807 76.0464 15.1697
v  15.0410 75.7605 15.1697
v  14.5224 75.6601 15.1697
v  14.5224 75.6080 17.3802
v  14.5224 78.2984 15.1697
v  14.0038 78.1980 15.1697
v  13.9562 78.2461 17.3802
v  14.5224 78.3505 17.3802
v  15.0410 78.1980 15.1697
v  15.0886 78.2461 17.3802
v  15.4807 77.9120 15.1697
v  15.7745 77.4841 15.1697
v  15.3831 78.5535 18.0507
v  14.5224 78.6832 18.0507
v  14.5224 78.8659 19.9857
v  13.2674 78.7223 19.9857
v  13.6617 78.5535 18.0507
v  13.4763 77.9489 17.3802
v  13.1556 77.5040 17.3802
v  12.4445 77.6313 18.0507
v  12.9320 78.1841 18.0507
v  12.2035 78.3133 19.9857
v  13.0651 78.7534 30.9374
v  14.5224 78.9477 41.8892
v  12.8627 78.7845 41.8892
v  11.8296 78.3165 30.9374
v  11.4926 77.7012 19.9857
v  11.2430 76.9792 19.9857
v  14.5224 78.9886 52.8410
v  12.6603 78.8156 52.8410
v  11.4557 78.3197 41.8892
v  11.0041 77.6627 30.9374
v  10.7142 76.8914 30.9374
v  11.0041 76.1201 30.9374
v  13.0651 75.0294 30.9374
v  12.8627 74.8226 41.8892
v  11.8296 75.4663 30.9374
v  11.4557 75.2874 41.8892
v  10.5155 75.9830 41.8892
v  10.1854 76.8036 41.8892
v  10.5155 77.6241 41.8892
v  11.0818 78.3229 52.8410
v  10.0270 77.5855 52.8410
v  9.6566 76.7157 52.8410
v  10.0270 75.8459 52.8410
v  11.0818 75.1086 52.8410
v  12.6603 74.6159 52.8410
v  13.1672 76.9792 15.1697
v  13.5641 77.9120 15.1697
v  13.2703 77.4841 15.1697
v  14.0038 75.7605 15.1697
v  13.5641 76.0464 15.1697
v  13.2703 76.4744 15.1697
v  -0.9669 68.7594 -18.2520
v  0.8474 68.7594 -18.2520
v  0.8474 69.0151 -18.0840
v  1.6415 70.2461 3.1606
v  1.8506 70.2332 2.9519
v  2.2106 70.4576 3.0874
v  2.2106 69.8168 -7.2661
v  1.8506 69.6016 -7.2528
v  -1.8411 69.6016 -7.2528
v  -0.9669 69.0151 -18.0840
v  -1.3163 68.8195 -18.4092
v  -0.9669 68.5111 -18.3296
v  2.2106 72.2698 0.5656
v  2.2106 72.7639 0.9966
v  2.2106 71.9779 -0.2057
v  2.2106 72.1319 -1.0366
v  0.8474 68.5111 -18.3296
v  1.1982 68.8195 -18.4092
v  1.1982 69.2263 -18.1615
v  1.1982 70.3117 -18.1644
v  2.2106 72.2757 -7.4183
v  2.2106 72.6074 -1.5312
v  2.2106 73.2940 -1.9343
v  0.8474 69.4982 -18.2204
v  1.8506 70.1515 -7.2868
v  1.8506 72.0740 -1.8588
v  1.7906 73.6188 3.3126
v  2.2106 73.5928 2.8934
v  2.2106 73.4968 1.3424
v  -2.2014 72.2698 0.5656
v  -2.2014 72.7639 0.9966
v  -2.2014 73.4968 1.3424
v  -2.2014 73.5928 2.8934
v  -1.7814 73.6188 3.3126
v  -0.9669 69.4982 -18.2204
v  -1.8411 70.1515 -7.2868
v  -1.8411 72.0740 -1.8588
v  -2.2014 72.1319 -1.0366
v  -2.2014 71.9779 -0.2057
v  14.2154 75.8677 16.4902
v  13.5038 76.4449 16.4803
v  13.4840 76.4270 14.8806
v  17.1149 75.6790 5.3345
v  15.8224 75.8422 7.3784
v  15.1258 76.4189 7.1826
v  13.9396 76.4273 11.2890
v  14.6578 75.8479 11.3358
v  14.1956 75.8498 14.8904
v  15.1243 75.9622 16.4876
v  15.1045 75.9443 14.8878
v  15.7003 76.6662 16.4736
v  15.6805 76.6483 14.8738
v  15.5741 75.9427 11.3104
v  16.1579 76.6475 11.2280
v  16.0703 77.5572 11.1423
v  15.5935 77.5536 14.8566
v  15.3587 78.1380 11.1031
v  16.5651 78.1265 7.2359
v  15.6562 78.0440 7.0876
v  16.9849 77.8552 4.9627
v  16.3908 77.1518 4.9610
v  15.0567 77.3364 7.0608
v  14.4407 78.0508 11.1288
v  14.8883 78.1356 14.8466
v  13.8500 77.3433 11.2035
v  13.9745 78.0478 14.8498
v  13.3917 77.3389 14.8639
v  16.4532 76.2554 5.1124
v  16.8276 75.6861 3.3069
v  16.7841 76.5318 3.0653
v  16.5449 74.6831 1.8609
v  16.5015 75.4387 1.5658
v  17.4089 77.1480 2.8792
v  17.0336 75.7776 0.9772
v  15.5140 74.8951 0.8524
v  15.7264 75.1686 0.0383
v  13.2984 74.5244 0.4968
v  13.3301 74.8803 -0.3456
v  10.0699 74.4127 0.4798
v  15.5455 74.1133 1.1774
v  13.3283 73.6824 0.8442
v  10.0869 73.5634 0.8279
v  6.3967 73.5418 0.9147
v  6.3899 74.4394 0.5475
v  10.0626 74.7675 -0.3664
v  6.3830 74.8144 -0.3468
v  13.4197 74.5386 -1.1975
v  10.0693 74.4205 -1.2161
v  13.5100 73.6925 -1.5565
v  10.0861 73.5739 -1.5721
v  13.5472 72.8398 -1.2075
v  10.1032 72.7232 -1.2248
v  13.5092 72.4845 -0.3564
v  10.1105 72.3677 -0.3772
v  13.4170 72.8343 0.4934
v  10.1038 72.7161 0.4733
v  6.3802 74.4472 -1.2444
v  6.3831 73.5529 -1.6194
v  6.3900 72.6553 -1.2523
v  6.3968 72.2803 -0.3579
v  6.3996 72.6475 0.5396
v  15.8389 73.1535 0.8534
v  17.1809 73.8288 1.7395
v  17.5060 75.0874 3.4795
v  16.2343 72.7973 0.0478
v  18.0583 73.5108 1.2465
v  18.4434 75.0886 3.4824
v  17.9931 75.7510 5.5270
v  16.7262 75.9384 7.5201
v  19.0858 75.6883 3.3085
v  18.6298 73.9434 0.6580
v  16.4728 73.1723 -0.7788
v  18.3598 77.1528 2.8682
v  17.8816 77.9489 5.1472
v  18.5472 77.3659 5.4046
v  17.2527 77.5435 7.4174
v  17.3171 76.6371 7.5328
v  18.5906 76.4487 5.5707
v  19.0571 76.5391 3.0501
v  18.5691 74.7950 0.3126
v  16.4177 74.0264 -1.1327
v  16.1043 74.8531 -0.7977
v  17.9051 75.5177 0.4360
v  -1.7814 70.4836 3.5066
v  -2.2014 70.4576 3.0874
v  -2.2014 69.8168 -7.2661
v  -2.2014 72.2757 -7.4183
v  -2.2014 72.6074 -1.5312
v  -2.2014 73.2940 -1.9343
v  -1.3163 70.3117 -18.1644
v  -1.3163 69.2263 -18.1615
v  7.1462 73.4817 -2.3867
v  7.1462 75.2506 -1.3654
v  7.1462 71.7128 -1.3654
v  6.9866 71.4628 -1.5097
v  6.9866 71.4628 0.8215
v  7.1462 75.2506 0.6772
v  7.1462 73.4817 1.6985
v  7.1462 71.7128 0.6772
v  6.9866 73.4817 1.9871
v  6.9866 75.5006 0.8215
v  3.7401 71.4628 -1.5097
v  3.7401 71.4628 0.8215
v  3.7401 73.4817 1.9871
v  3.7401 75.5006 0.8215
v  2.7696 67.4696 -3.2328
v  -2.8774 67.4696 -3.2328
v  -2.7325 67.7803 -3.6986
v  -2.7325 69.4791 -3.6986
v  2.6248 67.7803 -3.6986
v  2.7696 69.6710 -3.2328
v  3.1396 67.4696 -2.8628
v  3.1396 69.8069 -2.8628
v  2.7696 69.8069 -3.2328
v  -2.8774 69.8069 -3.2328
v  -2.8774 69.6710 -3.2328
v  2.6248 69.4791 -3.6986
v  2.6702 69.9968 -2.9928
v  2.8996 69.9968 -2.7634
v  -2.7780 69.9968 -2.9928
v  1.7906 70.4836 3.5066
v  -1.8411 70.2332 2.9519
v  -1.6320 70.2461 3.1606
v  -3.3494 75.1278 -3.5806
v  -3.3494 75.2699 -3.2376
v  -3.3494 75.6129 -3.0955
v  -3.3494 75.6129 -4.0657
v  -3.3494 76.0980 -3.5806
v  -3.3494 75.9559 -3.9236
v  -3.3494 75.9559 -3.2376
v  -3.3494 75.2699 -3.9236
v  3.0664 76.6424 -4.9664
v  3.0664 77.2677 -4.1057
v  3.0664 77.2677 -3.0417
v  3.0664 74.6186 -4.9664
v  3.0664 75.6305 -1.8522
v  3.0664 73.9932 -3.0417
v  3.0664 74.6186 -2.1810
v  3.0664 75.6305 -5.2952
v  3.0664 76.6424 -2.1810
v  3.0664 73.9932 -4.1057
v  2.7593 73.7081 -4.1983
v  2.7593 73.7081 -2.9491
v  2.7593 74.4424 -1.9384
v  2.7593 75.6305 -5.5950
v  2.7593 76.8186 -1.9384
v  2.7593 77.5529 -4.1983
v  2.7593 77.5529 -2.9491
v  2.7593 74.4424 -5.2090
v  2.7593 75.6305 -1.5524
v  2.7593 76.8186 -5.2090
v  2.7567 75.1836 -3.1513
v  2.7567 75.6129 -2.9735
v  2.7567 76.0422 -3.1513
v  2.7567 76.2200 -3.5806
v  2.7567 76.0422 -4.0099
v  2.7567 75.6129 -4.1877
v  2.7567 75.1836 -4.0099
v  2.7567 75.0058 -3.5806
v  -1.2730 69.9958 1.7525
v  -1.1130 69.9958 1.9125
v  -1.1130 72.8030 1.9125
v  -1.2730 72.8030 1.7525
v  -1.2730 69.9958 -2.5948
v  -1.2730 72.8030 -2.5948
v  -1.1130 69.9958 -2.7548
v  -1.1130 72.8030 -2.7548
v  1.0205 69.9958 -2.7548
v  1.0205 72.8030 -2.7548
v  1.1805 69.9958 -2.5948
v  1.1805 72.8030 -2.5948
v  1.1805 69.9958 1.7525
v  1.1805 72.8030 1.7525
v  1.0205 69.9958 1.9125
v  1.0205 72.8030 1.9125
v  -3.1554 72.6395 -1.1807
v  -3.1554 72.2903 -0.3377
v  -3.1554 72.6395 0.5053
v  -3.1554 73.4825 0.8545
v  -3.1554 74.3255 0.5053
v  -3.1554 74.3255 -1.1807
v  -3.1554 73.4825 -1.5299
v  -3.1554 74.6747 -0.3377
v  -10.9677 -2.1185 -0.4664
v  -10.0471 -4.0639 -0.4721
v  -9.4368 -4.0639 2.9674
v  -10.9677 52.9774 -0.4664
v  -10.3039 -2.1185 3.2983
v  -7.6836 -4.0639 5.9926
v  -9.8273 56.6250 -0.4664
v  -10.3039 52.9774 3.2983
v  -8.3925 -2.1185 6.6090
v  -4.9988 -4.0639 8.2388
v  -7.4250 59.5986 -0.4664
v  -9.2323 56.6250 2.9083
v  -8.3925 52.9774 6.6090
v  -5.4641 -2.1185 9.0662
v  -1.7063 -4.0639 9.4351
v  1.7967 -4.0639 9.4371
v  1.9509 -2.1185 10.3736
v  -1.8718 -2.1185 10.3737
v  -5.4641 52.9774 9.0662
v  -7.5189 56.6250 5.8760
v  -6.9748 59.5986 2.0867
v  -4.8916 61.2859 -0.4664
v  1.9509 52.9774 10.3736
v  -1.8718 52.9774 10.3737
v  -4.8939 56.6250 8.0786
v  -5.6786 59.5986 4.3317
v  -3.6927 59.5986 5.9981
v  -1.6738 56.6250 9.2506
v  1.7529 56.6250 9.2506
v  5.5432 52.9774 9.0662
v  4.9730 56.6250 8.0786
v  8.4716 52.9774 6.6090
v  7.5980 56.6250 5.8760
v  10.3830 52.9774 3.2983
v  -1.2566 59.5986 6.8848
v  1.3358 59.5986 6.8848
v  3.7718 59.5986 5.9981
v  5.7577 59.5986 4.3317
v  9.3114 56.6250 2.9083
v  7.0539 59.5986 2.0867
v  9.9065 56.6250 -0.4664
v  11.0468 52.9774 -0.4664
v  10.3830 52.9774 -4.2311
v  9.3114 56.6250 -3.8410
v  8.4716 52.9774 -7.5417
v  7.5980 56.6250 -6.8087
v  5.5432 52.9774 -9.9989
v  4.9730 56.6250 -9.0113
v  1.9509 52.9774 -11.3064
v  -5.4641 -2.1185 -9.9989
v  -5.4641 52.9774 -9.9989
v  -1.8718 52.9774 -11.3064
v  -1.8718 -2.1185 -11.3064
v  1.9509 -2.1185 -11.3064
v  5.5432 -2.1185 -9.9989
v  8.4716 -2.1185 -7.5417
v  10.3830 -2.1185 -4.2311
v  -5.0087 -4.0639 -9.1773
v  -1.7176 -4.0639 -10.3698
v  1.7854 -4.0639 -10.3678
v  5.0779 -4.0639 -9.1716
v  7.7627 -4.0639 -6.9253
v  9.5159 -4.0639 -3.9001
v  11.0468 -2.1185 -0.4664
v  10.1262 -4.0639 -0.4606
v  10.3830 -2.1185 3.2983
v  9.5199 -4.0639 2.9781
v  8.4716 -2.1185 6.6090
v  7.7701 -4.0639 6.0014
v  5.5432 -2.1185 9.0662
v  5.0878 -4.0639 8.2446
v  3.8154 73.4825 -1.5299
v  3.8154 72.6395 -1.1807
v  3.8154 74.3255 -1.1807
v  3.8154 74.6747 -0.3377
v  3.8154 74.3255 0.5053
v  3.8154 73.4825 0.8545
v  3.8154 72.6395 0.5053
v  3.8154 72.2903 -0.3377
v  4.1843 67.4785 1.0422
v  4.1843 67.4785 -1.9749
v  2.2449 67.4785 -4.2862
v  -3.3393 67.4785 2.3688
v  -0.7264 67.4785 3.8774
v  2.2449 67.4785 3.3535
v  -0.7264 67.4785 -4.8101
v  -3.3393 67.4785 -3.3016
v  -4.3712 67.4785 -0.4664
v  7.5041 59.5986 -0.4664
v  7.0539 59.5986 -3.0194
v  5.7577 59.5986 -5.2645
v  3.7718 59.5986 -6.9308
v  1.7529 56.6250 -10.1834
v  1.3358 59.5986 -7.8175
v  -1.6738 56.6250 -10.1834
v  -1.2566 59.5986 -7.8175
v  -4.8939 56.6250 -9.0113
v  -3.6927 59.5986 -6.9308
v  -8.3925 52.9774 -7.5417
v  -7.5189 56.6250 -6.8087
v  -5.6786 59.5986 -5.2645
v  -6.9748 59.5986 -3.0194
v  -9.2323 56.6250 -3.8410
v  -10.3039 52.9774 -4.2311
v  -10.3039 -2.1185 -4.2311
v  -8.3925 -2.1185 -7.5417
v  -9.4408 -4.0639 -3.9108
v  -7.6909 -4.0639 -6.9341
v  2.2876 66.3874 3.4274
v  4.2645 66.3874 1.0714
v  -0.7412 66.3874 3.9615
v  -3.4047 66.3874 2.4237
v  -0.8167 65.9859 4.3899
v  -2.4260 65.9859 3.8041
v  -3.7379 65.9859 2.7033
v  -4.5942 65.9859 1.2202
v  -4.8916 65.9859 -0.4664
v  -4.4566 66.3874 -0.4664
v  4.6733 65.9859 -2.1529
v  3.8170 65.9859 -3.6360
v  2.2876 66.3874 -4.3601
v  4.2645 66.3874 -2.0041
v  4.9707 65.9859 -0.4664
v  4.6733 65.9859 1.2202
v  3.8170 65.9859 2.7033
v  2.5051 65.9859 3.8041
v  0.8958 65.9859 4.3899
v  -3.4047 66.3874 -3.3564
v  -0.7412 66.3874 -4.8942
v  -4.5942 65.9859 -2.1529
v  -3.7379 65.9859 -3.6360
v  -2.4260 65.9859 -4.7368
v  -0.8167 65.9859 -5.3226
v  0.8958 65.9859 -5.3226
v  2.5051 65.9859 -4.7368
v  0.8474 68.9913 -18.5249
v  -0.9669 68.9914 -18.5249
v  0.8474 68.5702 -18.5620
v  -0.9669 68.5702 -18.5620
v  -3.7379 61.2859 2.7033
v  -2.4260 61.2859 3.8041
v  -4.5942 61.2859 1.2202
v  3.8170 61.2859 2.7033
v  4.6733 61.2859 1.2202
v  2.5051 61.2859 3.8041
v  0.8958 61.2859 4.3899
v  -0.8167 61.2859 4.3899
v  2.5051 61.2859 -4.7368
v  0.8958 61.2859 -5.3226
v  3.8170 61.2859 -3.6360
v  4.6733 61.2859 -2.1529
v  4.9707 61.2859 -0.4664
v  -4.5942 61.2859 -2.1529
v  -3.7379 61.2859 -3.6360
v  -2.4260 61.2859 -4.7368
v  -0.8167 61.2859 -5.3226
v  4.8229 -3.3371 3.5395
v  6.2787 -3.3371 -0.4599
v  4.8152 -3.3371 -4.4623
v  -5.8254 -3.3371 -2.6013
v  -3.0853 -3.3371 -5.8600
v  1.1171 -3.3371 -6.5950
v  -5.8213 -3.3371 1.6564
v  1.1289 -3.3371 5.6645
v  -3.0748 -3.3371 4.9208
v  -3.2389 74.4424 -3.0249
v  -3.5967 73.9101 -3.0249
v  -3.2227 73.4420 -3.0249
v  -2.6641 74.2734 -3.0249
v  -3.1451 75.6095 -3.0249
v  -2.5617 75.6095 -3.0249
v  -2.6641 76.9455 -3.0249
v  -3.2389 76.7766 -3.0249
v  -3.2227 77.7770 -3.0249
v  -3.5967 77.3088 -3.0249
v  -4.1359 78.1712 -3.0249
v  -4.1737 77.5732 -3.0249
v  -5.3463 78.1677 -3.0249
v  -5.2280 77.5803 -3.0249
v  -6.9394 77.8288 -3.0249
v  -6.8211 77.3087 -3.0249
v  -7.8238 77.4047 -3.0249
v  -7.4969 76.9833 -3.0249
v  -8.3951 76.8255 -3.0249
v  -7.9207 76.5817 -3.0249
v  -8.6367 75.6095 -3.0249
v  -8.1037 75.6095 -3.0249
v  -7.9207 74.6372 -3.0249
v  -8.3951 74.3935 -3.0249
v  -7.4969 74.2356 -3.0249
v  -7.8238 73.8142 -3.0249
v  -6.8211 73.9103 -3.0249
v  -6.9394 73.3902 -3.0249
v  -5.2280 73.6386 -3.0249
v  -5.3463 73.0512 -3.0249
v  -4.1737 73.6458 -3.0249
v  -4.1359 73.0478 -3.0249
v  -5.2280 73.6386 -4.1084
v  -6.8211 73.9103 -4.1084
v  -4.1737 73.6458 -4.1084
v  -3.5967 73.9101 -4.1084
v  -3.2389 74.4424 -4.1084
v  -3.1451 75.6095 -4.1084
v  -3.2389 76.7766 -4.1084
v  -3.5967 77.3088 -4.1084
v  -4.1737 77.5732 -4.1084
v  -5.2280 77.5803 -4.1084
v  -6.8211 77.3087 -4.1084
v  -7.4969 76.9833 -4.1084
v  -7.9207 76.5817 -4.1084
v  -8.1037 75.6095 -4.1084
v  -7.9207 74.6372 -4.1084
v  -7.4969 74.2356 -4.1084
v  -2.6641 74.2734 -4.1084
v  -3.2227 73.4420 -4.1084
v  -2.5617 75.6095 -4.1084
v  -2.6641 76.9455 -4.1084
v  -3.2227 77.7770 -4.1084
v  -4.1359 78.1712 -4.1084
v  -5.3463 78.1677 -4.1084
v  -6.9394 77.8288 -4.1084
v  -7.8238 77.4047 -4.1084
v  -8.3951 76.8255 -4.1084
v  -8.6367 75.6095 -4.1084
v  -8.3951 74.3935 -4.1084
v  -7.8238 73.8142 -4.1084
v  -6.9394 73.3902 -4.1084
v  -5.3463 73.0512 -4.1084
v  -4.1359 73.0478 -4.1084
v  16.3845 78.8156 52.8410
v  14.5224 78.6772 52.8410
v  16.3233 78.5099 52.8410
v  17.9630 78.3229 52.8410
v  17.8248 78.0413 52.8410
v  19.0178 77.5855 52.8410
v  18.7674 77.3823 52.8410
v  19.3882 76.7157 52.8410
v  19.0513 76.7157 52.8410
v  19.0178 75.8459 52.8410
v  18.7674 76.0491 52.8410
v  17.8248 75.3902 52.8410
v  14.5224 76.7157 50.9094
v  14.5224 74.7542 52.8410
v  16.3233 74.9215 52.8410
v  12.7215 74.9215 52.8410
v  11.2200 75.3902 52.8410
v  10.2774 76.0491 52.8410
v  9.9935 76.7157 52.8410
v  10.2774 77.3823 52.8410
v  11.2200 78.0413 52.8410
v  12.7215 78.5099 52.8410
v  13.4763 76.0096 17.3802
v  13.1556 76.4545 17.3802
v  13.0429 76.9792 17.3802
v  13.9562 75.7124 17.3802
v  13.6617 75.4050 18.0507
v  12.9320 75.7743 18.0507
v  12.4445 76.3272 18.0507
v  12.2733 76.9792 18.0507
v  11.4926 76.2572 19.9857
v  12.2035 75.6452 19.9857
v  13.2674 75.2362 19.9857
v  1.1756 70.1601 0.6771
v  1.1756 67.4648 0.6771
v  3.5183 67.4648 0.6771
v  3.5183 70.1601 0.6771
v  3.5183 70.7493 0.3498
v  1.1756 70.7493 0.3498
v  3.5183 71.0252 -0.4082
v  1.1756 71.0252 -0.4082
v  3.5183 70.7493 -1.1662
v  1.1756 70.7493 -1.1662
v  3.5183 70.1601 -1.4935
v  1.1756 70.1601 -1.4935
v  1.1756 67.4648 -1.4935
v  3.5183 67.4648 -1.4935
v  15.6132 77.5715 16.4563
v  14.9080 78.1535 16.4464
v  13.9943 78.0657 16.4496
v  13.4115 77.3568 16.4637
# 698 vertices

vn 0.0000 0.5000 -0.8660
vn -0.1561 0.9128 0.3775
vn -0.3759 0.9135 0.1559
vn -0.8411 0.4137 0.3485
vn -0.9239 0.0000 0.3826
vn -0.4968 -0.5269 0.6896
vn -0.3046 0.1081 0.9463
vn -0.2337 0.5637 0.7922
vn 0.1196 0.9501 0.2880
vn 0.2524 0.2996 0.9201
vn 0.3766 0.9130 0.1567
vn 0.8407 0.4131 0.3501
vn 0.3921 0.1394 0.9093
vn 0.9232 0.0000 0.3844
vn 0.6511 -0.3455 0.6758
vn 0.4875 0.4491 0.7488
vn -0.4876 0.4490 0.7488
vn -0.4978 -0.3699 0.7845
vn 0.4977 -0.3699 0.7845
vn -0.3760 0.9133 -0.1567
vn -0.8407 0.4132 -0.3501
vn -0.9232 0.0000 -0.3844
vn 0.0000 0.8526 0.5225
vn 0.0000 1.0000 0.0000
vn 0.0000 0.9927 0.1204
vn 0.0000 0.7607 0.6491
vn 0.0000 0.2508 0.9680
vn 0.0000 0.0000 1.0000
vn 0.0000 0.0000 -1.0000
vn 0.0000 0.2508 -0.9680
vn 0.0000 0.7607 -0.6491
vn -0.2475 0.6034 -0.7580
vn -0.3679 0.1228 -0.9217
vn -0.9056 0.0650 -0.4192
vn -0.8643 0.4987 0.0657
vn -1.0000 -0.0044 0.0010
vn -1.0000 -0.0089 -0.0014
vn -1.0000 -0.0020 0.0021
vn -1.0000 -0.0026 0.0016
vn -1.0000 -0.0055 -0.0027
vn -0.9996 -0.0058 -0.0292
vn -0.8676 0.4958 0.0376
vn -0.8072 0.5059 -0.3041
vn -0.1881 0.9641 -0.1874
vn -0.2397 0.9707 0.0167
vn -0.2517 0.9603 0.1198
vn -0.2519 0.9593 0.1278
vn -0.7966 0.1773 0.5779
vn -0.2198 0.9495 0.2239
vn -0.3275 0.3500 0.8777
vn -0.1247 0.9344 0.3338
vn -0.4937 -0.1163 0.8618
vn -0.9219 -0.0565 0.3834
vn -1.0000 -0.0038 -0.0030
vn -1.0000 -0.0025 -0.0047
vn -1.0000 -0.0049 -0.0033
vn 0.3477 -0.4098 0.8433
vn -0.3498 -0.4163 0.8392
vn -0.3497 -0.4163 0.8393
vn 0.3571 -0.4094 0.8396
vn 0.8662 -0.3365 0.3695
vn 0.8678 -0.3375 0.3646
vn 0.9460 -0.2683 -0.1821
vn 0.9697 -0.2383 -0.0540
vn 0.9877 -0.1465 -0.0552
vn 0.9894 -0.1424 -0.0276
vn 0.9620 -0.2674 0.0550
vn 0.9372 -0.3317 0.1076
vn 0.8382 -0.3553 0.4138
vn 0.8506 -0.4039 0.3368
vn -0.0000 -0.9912 -0.1321
vn -0.0000 -0.7860 -0.6183
vn 0.0000 -0.9872 -0.1593
vn 0.0000 -1.0000 0.0061
vn 0.0000 -0.7786 -0.6275
vn 0.0000 -0.4868 -0.8735
vn 0.0000 -0.7860 -0.6182
vn 0.0000 -0.9912 -0.1321
vn -0.0001 -0.9912 -0.1321
vn 0.0000 -0.9912 -0.1323
vn 0.0000 -0.9886 -0.1506
vn 0.0000 -0.9582 -0.2860
vn 0.0000 -0.9665 -0.2568
vn 0.0000 -0.9665 -0.2567
vn 0.0000 -1.0000 0.0059
vn -0.0002 -0.9912 -0.1321
vn 0.2575 0.9578 0.1276
vn 0.2625 0.9576 0.1186
vn 0.2749 0.9302 0.2431
vn 0.8152 0.4151 0.4038
vn 0.8653 0.4968 0.0662
vn 0.8676 0.4960 0.0356
vn 0.2757 0.9612 -0.0049
vn 0.1121 0.9813 -0.1563
vn 0.8011 0.5073 -0.3176
vn 0.9027 0.0568 -0.4265
vn 0.9996 0.0037 -0.0279
vn 1.0000 0.0000 -0.0000
vn 0.3669 0.1229 -0.9221
vn 0.1750 0.7733 -0.6094
vn 0.9203 -0.0517 0.3878
vn 0.3741 -0.1225 0.9192
vn 0.3328 0.3492 0.8760
vn 0.1174 0.9061 0.4064
vn 0.1982 -0.9799 -0.0228
vn -0.0003 -0.9998 -0.0201
vn -0.0003 -0.9998 -0.0202
vn -0.0064 -0.9611 -0.2760
vn 0.2827 -0.9023 -0.3255
vn 0.2451 -0.9664 -0.0769
vn -0.0025 -0.9982 -0.0599
vn 0.2202 -0.9752 -0.0229
vn -0.0003 -0.9998 -0.0203
vn 0.2071 -0.9781 -0.0221
vn 0.4598 -0.8875 -0.0290
vn 0.4433 -0.8958 -0.0311
vn 0.7902 -0.6114 -0.0418
vn 0.8073 -0.5886 -0.0430
vn 0.4833 -0.8749 -0.0310
vn 0.5230 -0.8414 -0.1363
vn 0.9989 0.0006 -0.0473
vn 0.7905 0.6116 -0.0328
vn 0.8072 0.5893 -0.0335
vn 0.4600 0.8878 -0.0161
vn 0.4837 0.8751 -0.0170
vn 0.2073 0.9783 -0.0070
vn 0.2208 0.9753 -0.0073
vn 0.0003 1.0000 -0.0042
vn 0.2493 0.9651 -0.0802
vn 0.5236 0.8395 -0.1454
vn 0.8156 0.5355 -0.2189
vn 0.9682 0.0040 -0.2502
vn 0.8189 -0.5327 -0.2136
vn 0.5427 -0.7122 -0.4454
vn 0.7286 -0.3940 -0.5602
vn 0.7983 0.0063 -0.6023
vn 0.7296 0.4048 -0.5512
vn 0.5446 0.7145 -0.4391
vn 0.3257 -0.9008 -0.2871
vn 0.6179 -0.6958 -0.3662
vn 0.8176 -0.3766 -0.4356
vn 0.8891 0.0042 -0.4578
vn 0.8196 0.3861 -0.4233
vn 0.6194 0.7035 -0.3485
vn 0.9183 -0.3924 -0.0523
vn 0.9985 0.0007 -0.0551
vn 0.6948 -0.7180 -0.0420
vn 0.3714 -0.9280 -0.0306
vn -0.0007 -0.9997 -0.0245
vn -0.0047 -0.9682 -0.2502
vn 0.0007 0.9997 -0.0246
vn -0.3714 0.9280 -0.0306
vn -0.3258 0.9008 -0.2871
vn 0.0049 0.9682 -0.2502
vn 0.3724 0.9277 -0.0272
vn 0.3311 0.9022 -0.2765
vn 0.6950 0.7181 -0.0371
vn 0.9181 0.3935 -0.0487
vn 0.2914 0.8994 -0.3258
vn 0.0063 0.9612 -0.2759
vn 0.0025 0.9986 -0.0519
vn -0.2456 0.9670 -0.0684
vn -0.2828 0.9023 -0.3255
vn -0.6180 0.6957 -0.3662
vn -0.8176 0.3765 -0.4356
vn -0.7915 0.3492 -0.5017
vn -0.5427 0.7121 -0.4454
vn -0.5233 0.8425 -0.1278
vn -0.2211 0.9752 -0.0073
vn -0.2076 0.9782 -0.0070
vn -0.4837 0.8751 -0.0170
vn -0.8391 0.4668 -0.2794
vn -0.9682 -0.0022 -0.2502
vn 0.0003 1.0000 -0.0041
vn -0.1984 0.9801 -0.0071
vn -0.4600 0.8878 -0.0161
vn -0.8069 0.5898 -0.0335
vn -0.9989 -0.0005 -0.0473
vn -0.8069 -0.5891 -0.0430
vn -0.2208 -0.9751 -0.0229
vn -0.2072 -0.9780 -0.0227
vn -0.4835 -0.8748 -0.0310
vn -0.4599 -0.8875 -0.0304
vn -0.7902 -0.6113 -0.0426
vn -0.9989 -0.0005 -0.0474
vn -0.7902 0.6120 -0.0327
vn -0.4441 0.8958 -0.0168
vn -0.7795 0.6256 -0.0326
vn -0.9989 -0.0025 -0.0474
vn -0.7781 -0.6266 -0.0434
vn -0.4433 -0.8958 -0.0311
vn -0.1979 -0.9799 -0.0232
vn -0.2263 -0.4181 0.8798
vn 0.2300 -0.4132 0.8811
vn 0.2928 -0.8279 0.4783
vn 0.1173 -0.9325 0.3415
vn 0.2832 -0.9428 0.1759
vn 0.8202 -0.4383 0.3675
vn 0.8721 -0.4891 -0.0117
vn 0.2735 -0.9609 0.0428
vn -0.2724 -0.9611 0.0446
vn -0.2887 -0.8249 0.4860
vn -0.4404 -0.4218 0.7926
vn -0.1685 -0.2940 0.9408
vn 0.1681 -0.2941 0.9409
vn 0.4303 -0.4160 0.8011
vn 0.8124 -0.5368 0.2277
vn 0.9957 -0.0010 -0.0925
vn 0.9991 -0.0027 -0.0429
vn -0.9846 0.1738 0.0186
vn -0.9185 0.3951 0.0143
vn -0.9303 0.3660 0.0233
vn -0.9839 0.1766 0.0255
vn -0.9615 0.2656 0.0710
vn -0.9423 0.3098 0.1271
vn -0.8500 0.3139 0.4230
vn -0.8618 0.3657 0.3516
vn 0.0000 0.9981 -0.0618
vn 0.0001 0.9981 -0.0618
vn 0.0000 0.8277 -0.5612
vn 0.0000 0.8210 -0.5709
vn 0.0000 0.5472 -0.8370
vn -0.0000 0.9981 -0.0618
vn 0.0000 0.9981 -0.0619
vn 0.1169 0.7908 -0.6008
vn -0.1175 0.7905 -0.6011
vn 0.0000 0.9793 -0.2023
vn 0.0000 0.9792 -0.2029
vn 0.0000 0.9821 -0.1885
vn 0.0000 0.9971 0.0756
vn 0.0000 0.9960 -0.0891
vn -0.2819 -0.9593 0.0142
vn -0.8799 -0.4749 0.0162
vn -0.8784 -0.4756 -0.0470
vn -0.2955 -0.9521 0.0781
vn -0.2951 -0.9500 -0.1024
vn -0.8046 -0.4869 -0.3399
vn -0.8594 -0.4808 -0.1738
vn -0.2956 -0.9532 -0.0637
vn -0.2999 -0.9539 -0.0127
vn 0.4758 -0.8795 0.0040
vn 0.4602 -0.8872 0.0316
vn 0.9564 -0.2918 -0.0086
vn 0.9537 -0.2951 0.0581
vn 0.4570 -0.8841 0.0971
vn 0.9374 -0.2767 0.2117
vn 0.8522 0.4866 0.1923
vn 0.8783 0.4757 0.0486
vn 0.2664 0.9623 0.0547
vn 0.2508 0.9657 0.0666
vn -0.4451 0.8606 -0.2476
vn -0.3635 0.8720 -0.3278
vn -0.8604 0.2882 -0.4203
vn -0.8761 0.2653 -0.4026
vn -0.4818 0.8700 -0.1050
vn 0.2774 0.9607 0.0100
vn -0.9430 0.2718 -0.1922
vn -0.4833 0.8749 -0.0325
vn -0.9578 0.2822 -0.0550
vn -0.8389 -0.4800 -0.2564
vn -0.9046 -0.3879 0.1768
vn -0.9110 0.3528 -0.2135
vn -0.7406 -0.1855 0.6458
vn -0.8393 0.5231 0.1485
vn -0.3436 0.8309 -0.4377
vn -0.3142 0.8687 -0.3830
vn -0.4532 0.7006 0.5511
vn -0.1974 0.9713 -0.1328
vn -0.1196 0.7052 0.6989
vn -0.0757 0.9970 -0.0139
vn -0.0050 0.7030 0.7112
vn -0.3538 -0.0273 0.9349
vn -0.0752 -0.0049 0.9972
vn 0.0094 -0.0035 0.9999
vn 0.0236 -0.0042 0.9997
vn 0.0182 0.7040 0.7100
vn -0.0111 0.9999 0.0034
vn 0.0127 0.9999 0.0043
vn 0.0013 0.7008 -0.7134
vn -0.0053 0.7083 -0.7059
vn 0.0745 0.0014 -0.9972
vn 0.0087 0.0018 -1.0000
vn 0.1049 -0.6973 -0.7091
vn 0.0230 -0.7045 -0.7093
vn 0.0776 -0.9969 -0.0122
vn 0.0292 -0.9996 -0.0054
vn 0.0103 -0.7190 0.6949
vn 0.0237 -0.7117 0.7021
vn 0.0104 0.7102 -0.7040
vn 0.0127 0.0045 -0.9999
vn 0.0181 -0.7038 -0.7102
vn 0.0236 -0.9997 -0.0044
vn 0.0259 -0.7100 0.7038
vn -0.0433 -0.7251 0.6873
vn -0.1876 -0.7334 0.6534
vn -0.3324 -0.8426 0.4237
vn 0.2302 -0.9728 0.0279
vn 0.4085 -0.8731 0.2661
vn 0.4240 -0.8068 0.4114
vn 0.4251 -0.8297 0.3617
vn 0.4153 -0.8807 0.2279
vn 0.9421 -0.2943 0.1605
vn 0.8233 -0.4993 -0.2700
vn 0.3948 -0.6533 -0.6460
vn 0.3767 0.8340 -0.4031
vn 0.3439 0.9372 -0.0574
vn 0.8447 0.4794 0.2380
vn 0.7908 0.4993 0.3542
vn 0.8664 -0.2592 0.4269
vn 0.8795 -0.2320 0.4155
vn 0.9043 0.3919 -0.1692
vn 0.7626 0.1873 -0.6192
vn 0.3482 0.0375 -0.9367
vn 0.1118 0.7010 -0.7043
vn 0.2917 0.7192 -0.6306
vn -1.0000 0.0000 -0.0000
vn -0.4625 -0.2897 0.8379
vn -0.3827 0.0571 0.9221
vn -0.9476 0.0197 0.3187
vn -0.8977 -0.3241 0.2985
vn -0.8693 -0.4942 -0.0063
vn -0.9993 -0.0023 -0.0375
vn -0.9967 -0.0008 -0.0810
vn -0.8847 -0.4321 0.1750
vn -0.8397 -0.3538 0.4121
vn -0.8520 -0.4021 0.3353
vn -0.9390 -0.3088 0.1514
vn -0.9473 -0.3063 0.0939
vn -0.9868 -0.1381 -0.0846
vn -0.9835 -0.1603 -0.0839
vn -0.9712 -0.2320 -0.0538
vn -0.9555 -0.2947 -0.0105
vn -0.8608 -0.3538 0.3659
vn -0.8609 -0.3532 0.3660
vn 0.9460 0.0000 -0.3241
vn 0.9460 0.2807 -0.1621
vn 0.9460 -0.2807 -0.1621
vn 0.8751 0.0000 -0.4839
vn 0.8751 0.4190 -0.2419
vn 0.8751 -0.4191 -0.2419
vn 0.8751 -0.4190 0.2419
vn 0.9460 0.2807 0.1621
vn 0.9460 -0.0000 0.3241
vn 0.9460 -0.2807 0.1621
vn 0.8751 -0.0000 0.4839
vn 0.8751 0.4191 0.2419
vn 0.8498 0.3141 0.4233
vn 0.8616 0.3659 0.3518
vn 0.9427 0.2968 0.1521
vn 0.9533 0.2873 0.0931
vn 0.9845 0.1753 -0.0079
vn 0.9848 0.1736 0.0014
vn 0.9283 0.3684 0.0502
vn 0.9189 0.3912 0.0501
vn 0.6523 -0.3456 -0.6746
vn -0.6510 -0.3455 -0.6758
vn -0.4977 -0.3699 -0.7845
vn -0.4875 0.4491 -0.7488
vn 0.4978 -0.3699 -0.7845
vn 0.5747 0.2039 -0.7926
vn 0.9239 0.0000 -0.3826
vn 0.8414 0.4132 -0.3484
vn 0.3485 0.4132 -0.8413
vn -0.3470 0.4133 -0.8419
vn -0.5731 0.2038 -0.7937
vn 0.4876 0.4490 -0.7488
vn 0.1188 0.9506 -0.2868
vn 0.3766 0.9131 -0.1559
vn -0.1178 0.9506 -0.2872
vn 0.9239 0.0236 0.3820
vn 0.3398 -0.4086 0.8471
vn 0.3827 0.0571 0.9221
vn -0.2831 -0.9428 0.1759
vn -0.1173 -0.9326 0.3415
vn 0.6986 -0.0000 0.7156
vn 0.6986 -0.4206 0.5789
vn 0.6985 -0.6806 0.2211
vn 0.6985 -0.6806 -0.2212
vn 0.6985 -0.6806 -0.2211
vn 0.6986 -0.4206 -0.5789
vn 0.6986 0.0000 -0.7156
vn 0.6986 0.4206 -0.5789
vn 0.6986 0.6805 -0.2211
vn 0.6986 0.6805 0.2211
vn 0.6986 0.4206 0.5788
vn 0.6986 0.4206 0.5789
vn -0.0200 0.0000 0.9998
vn -0.0200 -0.7070 0.7070
vn -0.0200 0.7070 0.7070
vn -0.0200 0.9998 -0.0000
vn -0.0200 0.7070 -0.7070
vn -0.0200 -0.0000 -0.9998
vn -0.0200 -0.7070 -0.7070
vn -0.0200 -0.9998 0.0000
vn -0.9239 0.0000 0.3827
vn -0.3827 0.0000 0.9239
vn -0.9239 0.0000 -0.3827
vn -0.3827 0.0000 -0.9239
vn 0.3827 0.0000 -0.9239
vn 0.9239 0.0000 -0.3827
vn 0.9239 0.0000 0.3827
vn 0.3827 0.0000 0.9239
vn 0.0000 1.0000 -0.0000
vn -0.9768 -0.2143 0.0001
vn -0.6597 -0.7516 0.0003
vn -0.4252 -0.8917 0.1548
vn -0.9889 0.1485 0.0000
vn -0.9174 -0.2158 0.3345
vn -0.3469 -0.8916 0.2910
vn -0.8862 0.4633 -0.0000
vn -0.9293 0.1485 0.3382
vn -0.7473 -0.2180 0.6277
vn -0.2243 -0.8938 0.3883
vn -0.6828 0.7306 -0.0000
vn -0.8327 0.4633 0.3031
vn -0.7576 0.1485 0.6357
vn -0.4875 -0.2198 0.8450
vn -0.0782 -0.8931 0.4431
vn 0.0778 -0.8940 0.4413
vn 0.1690 -0.2196 0.9609
vn -0.1694 -0.2204 0.9606
vn -0.4945 0.1485 0.8564
vn -0.6788 0.4633 0.5696
vn -0.6416 0.7306 0.2335
vn -0.5543 0.8323 -0.0000
vn 0.1717 0.1485 0.9739
vn -0.1717 0.1485 0.9739
vn -0.4431 0.4633 0.7675
vn -0.5231 0.7306 0.4389
vn -0.3414 0.7306 0.5913
vn -0.1539 0.4633 0.8727
vn 0.1539 0.4633 0.8727
vn 0.4944 0.1485 0.8564
vn 0.4431 0.4633 0.7675
vn 0.7576 0.1485 0.6357
vn 0.6789 0.4633 0.5696
vn 0.9293 0.1485 0.3382
vn -0.1186 0.7306 0.6724
vn 0.1186 0.7306 0.6724
vn 0.3414 0.7306 0.5913
vn 0.5231 0.7306 0.4389
vn 0.8327 0.4633 0.3031
vn 0.6416 0.7306 0.2335
vn 0.8862 0.4633 0.0000
vn 0.9889 0.1485 0.0000
vn 0.9293 0.1485 -0.3382
vn 0.8327 0.4633 -0.3031
vn 0.7575 0.1485 -0.6357
vn 0.6789 0.4633 -0.5696
vn 0.4945 0.1485 -0.8564
vn 0.4431 0.4633 -0.7675
vn 0.1717 0.1485 -0.9739
vn -0.4875 -0.2176 -0.8456
vn -0.4945 0.1485 -0.8564
vn -0.1717 0.1485 -0.9739
vn -0.1690 -0.2196 -0.9608
vn 0.1695 -0.2204 -0.9606
vn 0.4875 -0.2198 -0.8450
vn 0.7473 -0.2180 -0.6278
vn 0.9174 -0.2158 -0.3345
vn -0.2250 -0.8931 -0.3896
vn -0.0782 -0.8928 -0.4437
vn 0.0778 -0.8943 -0.4407
vn 0.2255 -0.8926 -0.3904
vn 0.3451 -0.8928 -0.2894
vn 0.4275 -0.8905 -0.1556
vn 0.9768 -0.2143 -0.0003
vn 0.4538 -0.8911 -0.0001
vn 0.9178 -0.2142 0.3342
vn 0.4286 -0.8900 0.1559
vn 0.7478 -0.2155 0.6280
vn 0.3464 -0.8920 0.2905
vn 0.4875 -0.2176 0.8456
vn 0.2262 -0.8918 0.3917
vn 0.0000 -0.0000 -1.0000
vn 0.0000 -0.7071 -0.7071
vn 0.0000 0.7071 -0.7071
vn 0.0000 0.7071 0.7071
vn 0.0000 -0.0000 1.0000
vn 0.0000 -0.7071 0.7071
vn 0.0000 -1.0000 -0.0000
vn 0.6828 0.7306 -0.0000
vn 0.6416 0.7306 -0.2335
vn 0.5231 0.7306 -0.4389
vn 0.3414 0.7306 -0.5913
vn 0.1539 0.4633 -0.8727
vn 0.1186 0.7306 -0.6724
vn -0.1539 0.4633 -0.8727
vn -0.1186 0.7306 -0.6724
vn -0.4431 0.4633 -0.7675
vn -0.3414 0.7306 -0.5913
vn -0.7575 0.1485 -0.6357
vn -0.6789 0.4633 -0.5696
vn -0.5231 0.7306 -0.4389
vn -0.6416 0.7306 -0.2335
vn -0.8327 0.4633 -0.3031
vn -0.9293 0.1485 -0.3382
vn -0.9178 -0.2142 -0.3342
vn -0.7477 -0.2155 -0.6280
vn -0.4263 -0.8912 -0.1550
vn -0.3482 -0.8907 -0.2921
vn 0.4608 0.4893 0.7404
vn 0.8289 0.4894 0.2710
vn 0.9368 0.0780 0.3410
vn 0.4985 0.0780 0.8634
vn -0.1230 0.4894 0.8634
vn -0.1731 0.0780 0.9818
vn -0.6492 0.4893 0.5823
vn -0.7637 0.0780 0.6408
vn -0.0697 0.7604 0.6457
vn -0.2479 0.9072 0.3399
vn -0.4685 0.7604 0.4499
vn -0.4084 0.9072 0.1010
vn -0.6481 0.7604 0.0433
vn -0.8716 0.4896 0.0262
vn -0.9970 0.0780 -0.0000
vn 0.5941 0.7604 -0.2625
vn 0.3492 0.9072 -0.2346
vn 0.4108 0.4893 -0.7693
vn 0.8092 0.4894 -0.3252
vn 0.4183 0.9072 0.0447
vn 0.6238 0.7604 0.1808
vn 0.2917 0.9072 0.3032
vn 0.3617 0.7604 0.5395
vn 0.0286 0.9072 0.4197
vn -0.6862 0.4893 -0.5382
vn -0.7637 0.0780 -0.6408
vn -0.1797 0.4894 -0.8534
vn -0.1731 0.0780 -0.9818
vn 0.4985 0.0780 -0.8634
vn 0.9368 0.0780 -0.3410
vn -0.3778 0.9072 -0.1851
vn -0.5244 0.7604 -0.3833
vn -0.1704 0.9072 -0.3847
vn -0.1553 0.7604 -0.6306
vn 0.1167 0.9072 -0.4042
vn 0.2864 0.7604 -0.5829
vn 0.2154 0.3198 -0.9227
vn -0.2172 0.3205 -0.9220
vn 0.1636 -0.0026 -0.9865
vn 0.3974 0.3269 -0.8574
vn 0.4306 0.3023 -0.8504
vn 0.1341 0.0870 -0.9871
vn -0.1345 0.0869 -0.9871
vn -0.4308 0.3037 -0.8498
vn -0.3957 0.3256 -0.8587
vn -0.1642 -0.0026 -0.9864
vn -0.7660 0.0000 0.6428
vn -0.5000 0.0000 0.8660
vn -0.9397 0.0000 0.3420
vn 0.7660 0.0000 0.6428
vn 0.9397 0.0000 0.3420
vn 0.5000 0.0000 0.8660
vn 0.1737 0.0000 0.9848
vn -0.1737 0.0000 0.9848
vn 0.5000 0.0000 -0.8660
vn 0.1737 0.0000 -0.9848
vn 0.7660 0.0000 -0.6428
vn 0.9397 0.0000 -0.3420
vn -0.9397 0.0000 -0.3420
vn -0.7660 0.0000 -0.6428
vn -0.5000 0.0000 -0.8660
vn -0.1737 0.0000 -0.9848
vn -0.0800 -0.9945 -0.0674
vn -0.1045 -0.9945 0.0001
vn -0.0800 -0.9945 0.0674
vn 0.0982 -0.9945 0.0358
vn 0.0522 -0.9945 0.0908
vn -0.0182 -0.9945 0.1032
vn 0.0981 -0.9945 -0.0359
vn -0.0181 -0.9945 -0.1033
vn 0.0523 -0.9945 -0.0908
vn 0.0000 -0.5000 -0.8660
vn 0.0000 -0.5000 0.8660
vn 0.0000 0.5000 0.8660
vn 0.3085 -0.9219 -0.2344
vn 0.6228 -0.7582 -0.1928
vn 0.2910 -0.9272 -0.2358
vn -0.2917 -0.9270 -0.2357
vn -0.3093 -0.9216 -0.2344
vn -0.6244 -0.7570 -0.1925
vn 0.0810 0.9967 -0.0000
vn 0.3039 0.9527 -0.0000
vn -0.2165 0.9763 -0.0000
vn -0.6475 0.7621 -0.0000
vn -0.9441 0.3297 -0.0000
vn -0.9441 -0.3298 -0.0000
vn -0.6475 -0.7621 -0.0000
vn -0.2165 -0.9763 -0.0000
vn 0.0810 -0.9967 -0.0000
vn 0.3039 -0.9527 -0.0000
vn 0.5676 -0.8233 -0.0000
vn 0.8780 -0.4787 -0.0000
vn 1.0000 -0.0000 -0.0000
vn 0.8780 0.4787 -0.0000
vn 0.5676 0.8233 -0.0000
vn -0.5808 -0.8141 -0.0000
vn -0.3225 -0.9466 -0.0000
vn -0.8836 -0.4682 -0.0000
vn -1.0000 -0.0000 -0.0000
vn -0.8836 0.4683 -0.0000
vn -0.5808 0.8141 -0.0000
vn -0.3225 0.9466 -0.0000
vn -0.1061 0.9944 -0.0000
vn 0.2009 0.9796 -0.0000
vn 0.6391 0.7691 -0.0000
vn 0.9447 0.3278 -0.0000
vn 0.9447 -0.3279 -0.0000
vn 0.6391 -0.7691 -0.0000
vn 0.2010 -0.9796 -0.0000
vn -0.1060 -0.9944 -0.0000
vn -0.0000 -0.3597 0.9331
vn -0.0754 -0.3279 0.9417
vn -0.1334 -0.2376 0.9622
vn -0.1560 -0.1099 0.9816
vn -0.1501 0.0000 0.9887
vn -0.1560 0.1099 0.9816
vn -0.1334 0.2376 0.9622
vn -0.0000 0.0000 1.0000
vn -0.0000 0.3597 0.9331
vn -0.0754 0.3279 0.9417
vn 0.0754 0.3279 0.9417
vn 0.1334 0.2376 0.9622
vn 0.1560 0.1099 0.9816
vn 0.1501 0.0000 0.9887
vn 0.1560 -0.1099 0.9816
vn 0.1334 -0.2376 0.9622
vn 0.0754 -0.3279 0.9417
vn -0.9181 -0.3934 -0.0487
vn -0.6949 -0.7181 -0.0371
vn -0.6194 -0.7035 -0.3485
vn -0.8195 -0.3862 -0.4233
vn -0.9985 -0.0008 -0.0551
vn -0.8891 -0.0042 -0.4578
vn -0.9183 0.3924 -0.0522
vn -0.6948 0.7180 -0.0420
vn -0.3724 -0.9277 -0.0272
vn -0.3311 -0.9022 -0.2764
vn -0.2914 -0.8994 -0.3258
vn -0.5446 -0.7145 -0.4391
vn -0.7296 -0.4048 -0.5512
vn -0.7983 -0.0064 -0.6023
vn -0.8154 -0.5341 -0.2234
vn -0.5234 -0.8384 -0.1523
vn -0.2493 -0.9644 -0.0880
vn -0.4246 0.8323 -0.3563
vn -0.2772 0.8323 -0.4801
vn -0.5209 0.8323 -0.1896
vn 0.4246 0.8323 -0.3563
vn 0.5209 0.8323 -0.1896
vn 0.2772 0.8323 -0.4801
vn 0.0963 0.8323 -0.5459
vn -0.0963 0.8323 -0.5459
vn 0.2772 0.8323 0.4801
vn 0.0963 0.8323 0.5459
vn 0.4246 0.8323 0.3563
vn 0.5209 0.8323 0.1896
vn 0.5543 0.8323 -0.0000
vn -0.5209 0.8323 0.1896
vn -0.4246 0.8323 0.3563
vn -0.2772 0.8323 0.4801
vn -0.0963 0.8323 0.5459
vn 0.8845 0.4663 -0.0161
vn 0.2957 0.9552 -0.0143
vn -0.4687 0.8834 -0.0041
vn -0.9574 0.2886 0.0086
vn 0.7778 -0.6270 -0.0425
vn 0.9989 -0.0015 -0.0474
vn 0.7798 0.6251 -0.0334
vn 0.4441 0.8958 -0.0168
vn 0.1981 0.9801 -0.0075
# 671 vertex normals

vt 0.4307 0.9368 0.9368
vt 0.4646 0.9368 0.9368
vt 0.4646 0.9966 0.9966
vt 0.4307 0.9966 0.9966
vt 0.5928 0.6143 0.6143
vt 0.5884 0.6143 0.6143
vt 0.5835 0.6096 0.6096
vt 0.5835 0.5508 0.5508
vt 0.5908 0.5508 0.5508
vt 0.5908 0.6062 0.6062
vt 0.5908 0.6096 0.6096
vt 0.6992 0.6143 0.6143
vt 0.7012 0.6096 0.6096
vt 0.7041 0.6143 0.6143
vt 0.7085 0.6096 0.6096
vt 0.7012 0.6062 0.6062
vt 0.7085 0.5508 0.5508
vt 0.7012 0.5508 0.5508
vt 0.6987 0.6013 0.6013
vt 0.5938 0.6013 0.6013
vt 0.5938 0.5586 0.5586
vt 0.6987 0.5586 0.5586
vt 0.7070 0.6809 0.6809
vt 0.5859 0.6809 0.6809
vt 0.5835 0.6760 0.6760
vt 0.7095 0.6760 0.6760
vt 0.7095 0.6169 0.6169
vt 0.5835 0.6169 0.6169
vt 0.9023 0.7633 0.7633
vt 0.9023 0.7697 0.7697
vt 0.9517 0.7697 0.7697
vt 0.9517 0.7633 0.7633
vt 0.9023 0.7500 0.7500
vt 0.9517 0.7500 0.7500
vt 0.9517 0.6887 0.6887
vt 0.9023 0.6887 0.6887
vt 0.6025 0.9608 0.9608
vt 0.6528 0.9609 0.9609
vt 0.6563 0.9548 0.9548
vt 0.6226 0.8514 0.8514
vt 0.6851 0.7843 0.7843
vt 0.6787 0.7765 0.7765
vt 0.7017 0.7883 0.7883
vt 0.7246 0.7910 0.7910
vt 0.7241 0.8510 0.8510
vt 0.6709 0.8669 0.8669
vt 0.6221 0.8683 0.8683
vt 0.6084 0.9548 0.9548
vt 0.5981 0.9562 0.9562
vt 0.6011 0.9549 0.9549
vt 0.6152 0.8685 0.8685
vt 0.6152 0.8514 0.8514
vt 0.6216 0.7402 0.7402
vt 0.6152 0.7405 0.7405
vt 0.6143 0.7344 0.7344
vt 0.6099 0.7385 0.7385
vt 0.7251 0.7341 0.7341
vt 0.7246 0.7402 0.7402
vt 0.7251 0.7583 0.7583
vt 0.7017 0.7631 0.7631
vt 0.6865 0.7683 0.7683
vt 0.7354 0.8690 0.8690
vt 0.6836 0.8690 0.8690
vt 0.6860 0.8721 0.8721
vt 0.7329 0.8721 0.8721
vt 0.7402 0.8708 0.8708
vt 0.7349 0.8728 0.8728
vt 0.7476 0.9200 0.9200
vt 0.7422 0.9210 0.9210
vt 0.7476 0.9283 0.9283
vt 0.7422 0.9305 0.9305
vt 0.7476 0.9605 0.9605
vt 0.7422 0.9615 0.9615
vt 0.7476 0.9632 0.9632
vt 0.7476 0.9663 0.9663
vt 0.7412 0.9937 0.9937
vt 0.7476 0.9913 0.9913
vt 0.7476 0.9796 0.9796
vt 0.6699 0.9712 0.9712
vt 0.7476 0.9712 0.9712
vt 0.6699 0.9756 0.9756
vt 0.7476 0.9756 0.9756
vt 0.6699 0.9779 0.9779
vt 0.7476 0.9779 0.9779
vt 0.6699 0.9796 0.9796
vt 0.6699 0.9913 0.9913
vt 0.6763 0.9937 0.9937
vt 0.6841 0.8728 0.8728
vt 0.6753 0.9210 0.9210
vt 0.6753 0.9305 0.9305
vt 0.6753 0.9615 0.9615
vt 0.6699 0.9663 0.9663
vt 0.5054 0.8514 0.8514
vt 0.5054 0.7405 0.7405
vt 0.5103 0.7385 0.7385
vt 0.5054 0.8685 0.8685
vt 0.6025 0.9932 0.9932
vt 0.5171 0.9932 0.9932
vt 0.5171 0.9616 0.9616
vt 0.5205 0.9568 0.9568
vt 0.5176 0.9549 0.9549
vt 0.5063 0.7344 0.7344
vt 0.5063 0.6880 0.6880
vt 0.6143 0.6880 0.6880
vt 0.9360 0.0024 0.0024
vt 0.9946 0.0024 0.0024
vt 0.9946 0.1162 0.1162
vt 0.9946 0.3643 0.3643
vt 0.9478 0.3643 0.3643
vt 0.9380 0.3442 0.3442
vt 0.9946 0.3442 0.3442
vt 0.9375 0.2300 0.2300
vt 0.9946 0.2300 0.2300
vt 0.9365 0.1162 0.1162
vt 0.9048 0.1162 0.1162
vt 0.9048 0.0024 0.0024
vt 0.8853 0.1162 0.1162
vt 0.8843 0.2300 0.2300
vt 0.9043 0.2300 0.2300
vt 0.9043 0.3442 0.3442
vt 0.8701 0.1162 0.1162
vt 0.8682 0.2300 0.2300
vt 0.8550 0.1162 0.1162
vt 0.8516 0.2300 0.2300
vt 0.8354 0.1162 0.1162
vt 0.8311 0.2300 0.2300
vt 0.8032 0.1162 0.1162
vt 0.7993 0.2300 0.2300
vt 0.7495 0.2300 0.2300
vt 0.7944 0.3442 0.3442
vt 0.8262 0.3442 0.3442
vt 0.8477 0.3442 0.3442
vt 0.8657 0.3442 0.3442
vt 0.8828 0.3442 0.3442
vt 0.9121 0.3643 0.3643
vt 0.8853 0.3643 0.3643
vt 0.8628 0.3643 0.3643
vt 0.8403 0.3643 0.3643
vt 0.8149 0.3643 0.3643
vt 0.9531 0.3711 0.3711
vt 0.9165 0.3711 0.3711
vt 0.8857 0.3711 0.3711
vt 0.8584 0.3711 0.3711
vt 0.8320 0.3711 0.3711
vt 0.8057 0.3711 0.3711
vt 0.8857 0.3940 0.3940
vt 0.8569 0.3940 0.3940
vt 0.9180 0.3940 0.3940
vt 0.9546 0.3940 0.3940
vt 0.9946 0.3940 0.3940
vt 0.9946 0.3711 0.3711
vt 0.7495 0.3940 0.3940
vt 0.7222 0.3940 0.3940
vt 0.7207 0.3711 0.3711
vt 0.7495 0.3711 0.3711
vt 0.7769 0.3940 0.3940
vt 0.7778 0.3711 0.3711
vt 0.8032 0.3940 0.3940
vt 0.8301 0.3940 0.3940
vt 0.7847 0.3643 0.3643
vt 0.7495 0.3643 0.3643
vt 0.7495 0.3442 0.3442
vt 0.7046 0.3442 0.3442
vt 0.7144 0.3643 0.3643
vt 0.6929 0.3711 0.3711
vt 0.6660 0.3711 0.3711
vt 0.6577 0.3643 0.3643
vt 0.6836 0.3643 0.3643
vt 0.6724 0.3442 0.3442
vt 0.6997 0.2300 0.2300
vt 0.7495 0.1162 0.1162
vt 0.6953 0.1162 0.1162
vt 0.6670 0.2300 0.2300
vt 0.6504 0.3442 0.3442
vt 0.6323 0.3442 0.3442
vt 0.7495 0.0024 0.0024
vt 0.6914 0.0024 0.0024
vt 0.6631 0.1162 0.1162
vt 0.6465 0.2300 0.2300
vt 0.6299 0.2300 0.2300
vt 0.6138 0.2300 0.2300
vt 0.5610 0.2300 0.2300
vt 0.5044 0.2300 0.2300
vt 0.5044 0.1162 0.1162
vt 0.5620 0.1162 0.1162
vt 0.5938 0.2300 0.2300
vt 0.5938 0.1162 0.1162
vt 0.6128 0.1162 0.1162
vt 0.6279 0.1162 0.1162
vt 0.6431 0.1162 0.1162
vt 0.6597 0.0024 0.0024
vt 0.6406 0.0024 0.0024
vt 0.6265 0.0024 0.0024
vt 0.6123 0.0024 0.0024
vt 0.5938 0.0024 0.0024
vt 0.5625 0.0024 0.0024
vt 0.5044 0.0024 0.0024
vt 0.1726 0.9745 0.9745
vt 0.1764 0.9690 0.9690
vt 0.1714 0.9810 0.9810
vt 0.1820 0.9653 0.9653
vt 0.1887 0.9640 0.9640
vt 0.2063 0.9810 0.9810
vt 0.1887 0.9981 0.9981
vt 0.2012 0.9931 0.9931
vt 0.1954 0.9968 0.9968
vt 0.2050 0.9876 0.9876
vt 0.1954 0.9653 0.9653
vt 0.2012 0.9690 0.9690
vt 0.2050 0.9745 0.9745
vt 0.1820 0.9968 0.9968
vt 0.1764 0.9931 0.9931
vt 0.1726 0.9876 0.9876
vt 0.7866 0.7141 0.7141
vt 0.8345 0.7141 0.7141
vt 0.8345 0.7173 0.7173
vt 0.8555 0.9561 0.9561
vt 0.8608 0.9538 0.9538
vt 0.8706 0.9553 0.9553
vt 0.8706 0.8389 0.8389
vt 0.8608 0.8391 0.8391
vt 0.7637 0.8391 0.8391
vt 0.7866 0.7173 0.7173
vt 0.7773 0.7109 0.7109
vt 0.7866 0.7107 0.7107
vt 0.9082 0.9279 0.9279
vt 0.9204 0.9331 0.9331
vt 0.9014 0.9190 0.9190
vt 0.9067 0.9099 0.9099
vt 0.8345 0.7107 0.7107
vt 0.8438 0.7109 0.7109
vt 0.8438 0.7163 0.7163
vt 0.8726 0.7170 0.7170
vt 0.9331 0.8386 0.8386
vt 0.9194 0.9047 0.9047
vt 0.9380 0.9008 0.9008
vt 0.9961 0.8361 0.8361
vt 0.9834 0.8988 0.8988
vt 0.9785 0.8992 0.8992
vt 0.9917 0.8352 0.8352
vt 0.9961 0.8041 0.8041
vt 0.9917 0.8036 0.8036
vt 0.9961 0.8016 0.8016
vt 0.9961 0.7987 0.7987
vt 0.9907 0.7733 0.7733
vt 0.9961 0.7758 0.7758
vt 0.9961 0.7849 0.7849
vt 0.9961 0.7893 0.7893
vt 0.9395 0.7893 0.7893
vt 0.9395 0.7869 0.7869
vt 0.9961 0.7869 0.7869
vt 0.9395 0.7849 0.7849
vt 0.9395 0.7758 0.7758
vt 0.9448 0.7733 0.7733
vt 0.9556 0.8992 0.8992
vt 0.9443 0.8352 0.8352
vt 0.9443 0.8036 0.8036
vt 0.9395 0.7987 0.7987
vt 0.9395 0.7938 0.7938
vt 0.9961 0.7938 0.7938
vt 0.9600 0.6833 0.6833
vt 0.9951 0.6833 0.6833
vt 0.9951 0.6499 0.6499
vt 0.9600 0.5500 0.5500
vt 0.9600 0.5828 0.5828
vt 0.9951 0.5828 0.5828
vt 0.9951 0.6194 0.6194
vt 0.9600 0.6194 0.6194
vt 0.9600 0.6499 0.6499
vt 0.9248 0.6833 0.6833
vt 0.9248 0.6499 0.6499
vt 0.8896 0.6833 0.6833
vt 0.8896 0.6499 0.6499
vt 0.9248 0.6194 0.6194
vt 0.8896 0.6194 0.6194
vt 0.8545 0.6194 0.6194
vt 0.8545 0.6499 0.6499
vt 0.8193 0.6194 0.6194
vt 0.8193 0.5828 0.5828
vt 0.7837 0.5828 0.5828
vt 0.7837 0.5500 0.5500
vt 0.7485 0.5500 0.5500
vt 0.7485 0.5828 0.5828
vt 0.7837 0.6194 0.6194
vt 0.8193 0.6499 0.6499
vt 0.7485 0.6194 0.6194
vt 0.7837 0.6499 0.6499
vt 0.7485 0.6499 0.6499
vt 0.7134 0.6194 0.6194
vt 0.7134 0.6499 0.6499
vt 0.7134 0.5828 0.5828
vt 0.7134 0.5500 0.5500
vt 0.7134 0.5300 0.5300
vt 0.7485 0.5300 0.5300
vt 0.7134 0.5085 0.5085
vt 0.7485 0.5085 0.5085
vt 0.7837 0.5300 0.5300
vt 0.7837 0.5085 0.5085
vt 0.7485 0.4902 0.4902
vt 0.7837 0.4902 0.4902
vt 0.7485 0.4658 0.4658
vt 0.7837 0.4658 0.4658
vt 0.7485 0.4351 0.4351
vt 0.7134 0.4902 0.4902
vt 0.7134 0.4658 0.4658
vt 0.7134 0.4351 0.4351
vt 0.7134 0.3989 0.3989
vt 0.7485 0.3989 0.3989
vt 0.7837 0.4351 0.4351
vt 0.7837 0.3989 0.3989
vt 0.8193 0.4658 0.4658
vt 0.8193 0.4351 0.4351
vt 0.8545 0.4658 0.4658
vt 0.8545 0.4351 0.4351
vt 0.8896 0.4658 0.4658
vt 0.8896 0.4351 0.4351
vt 0.9248 0.4658 0.4658
vt 0.9248 0.4351 0.4351
vt 0.9600 0.4658 0.4658
vt 0.9600 0.4351 0.4351
vt 0.8193 0.3989 0.3989
vt 0.8545 0.3989 0.3989
vt 0.8896 0.3989 0.3989
vt 0.9248 0.3989 0.3989
vt 0.9600 0.3989 0.3989
vt 0.9951 0.4351 0.4351
vt 0.9951 0.3989 0.3989
vt 0.9951 0.4658 0.4658
vt 0.9951 0.4902 0.4902
vt 0.9600 0.4902 0.4902
vt 0.9951 0.5085 0.5085
vt 0.9600 0.5085 0.5085
vt 0.9951 0.5300 0.5300
vt 0.9600 0.5300 0.5300
vt 0.9951 0.5500 0.5500
vt 0.9248 0.4902 0.4902
vt 0.9248 0.5085 0.5085
vt 0.9248 0.5300 0.5300
vt 0.9248 0.5500 0.5500
vt 0.9248 0.5828 0.5828
vt 0.8896 0.5300 0.5300
vt 0.8896 0.5085 0.5085
vt 0.8896 0.4902 0.4902
vt 0.8193 0.5300 0.5300
vt 0.8193 0.5500 0.5500
vt 0.8545 0.5500 0.5500
vt 0.8545 0.5828 0.5828
vt 0.8896 0.5828 0.5828
vt 0.8896 0.5500 0.5500
vt 0.8545 0.5300 0.5300
vt 0.8545 0.5085 0.5085
vt 0.8545 0.4902 0.4902
vt 0.8193 0.4902 0.4902
vt 0.8193 0.5085 0.5085
vt 0.5337 0.5967 0.5967
vt 0.5337 0.6597 0.6597
vt 0.5405 0.6736 0.6736
vt 0.5562 0.6799 0.6799
vt 0.5718 0.6736 0.6736
vt 0.5781 0.6597 0.6597
vt 0.5781 0.5967 0.5967
vt 0.8594 0.9600 0.9600
vt 0.9375 0.9597 0.9597
vt 0.9365 0.9550 0.9550
vt 0.9365 0.9376 0.9376
vt 0.6699 0.9632 0.9632
vt 0.6699 0.9605 0.9605
vt 0.6699 0.9283 0.9283
vt 0.6699 0.9200 0.9200
vt 0.6787 0.8708 0.8708
vt 0.4883 0.8698 0.8698
vt 0.4597 0.9241 0.9241
vt 0.4597 0.8153 0.8153
vt 0.4966 0.8698 0.8698
vt 0.4639 0.9318 0.9318
vt 0.4639 0.8076 0.8076
vt 0.3984 0.8076 0.8076
vt 0.4023 0.9241 0.9241
vt 0.3738 0.8698 0.8698
vt 0.4023 0.8153 0.8153
vt 0.3655 0.8698 0.8698
vt 0.3984 0.9318 0.9318
vt 0.9395 0.8016 0.8016
vt 0.9395 0.8041 0.8041
vt 0.9395 0.8361 0.8361
vt 0.9512 0.8988 0.8988
vt 0.8594 0.9932 0.9932
vt 0.7651 0.9932 0.9932
vt 0.7651 0.9600 0.9600
vt 0.7773 0.7163 0.7163
vt 0.7539 0.8389 0.8389
vt 0.7539 0.9553 0.9553
vt 0.7637 0.9538 0.9538
vt 0.7690 0.9561 0.9561
vt 0.5308 0.6677 0.6677
vt 0.5264 0.6582 0.6582
vt 0.5156 0.6545 0.6545
vt 0.5156 0.6809 0.6809
vt 0.5005 0.6677 0.6677
vt 0.5049 0.6770 0.6770
vt 0.5049 0.6582 0.6582
vt 0.5264 0.6770 0.6770
vt 0.5693 0.5710 0.5710
vt 0.5532 0.5835 0.5835
vt 0.5327 0.5835 0.5835
vt 0.5693 0.5315 0.5315
vt 0.5103 0.5513 0.5513
vt 0.5327 0.5190 0.5190
vt 0.5166 0.5315 0.5315
vt 0.5757 0.5513 0.5513
vt 0.5166 0.5710 0.5710
vt 0.5532 0.5190 0.5190
vt 0.5547 0.5134 0.5134
vt 0.5313 0.5134 0.5134
vt 0.5117 0.5278 0.5278
vt 0.5815 0.5513 0.5513
vt 0.5117 0.5745 0.5745
vt 0.5547 0.5889 0.5889
vt 0.5313 0.5889 0.5889
vt 0.5737 0.5278 0.5278
vt 0.5044 0.5513 0.5513
vt 0.5737 0.5745 0.5745
vt 0.7090 0.5430 0.5430
vt 0.7041 0.5471 0.5471
vt 0.7090 0.4619 0.4619
vt 0.5889 0.5471 0.5471
vt 0.5845 0.5430 0.5430
vt 0.5889 0.4580 0.4580
vt 0.7041 0.4580 0.4580
vt 0.5845 0.4619 0.4619
vt 0.5098 0.5957 0.5957
vt 0.5127 0.5957 0.5957
vt 0.5127 0.6516 0.6516
vt 0.5098 0.6516 0.6516
vt 0.5068 0.5957 0.5957
vt 0.5068 0.6516 0.6516
vt 0.5039 0.5957 0.5957
vt 0.5039 0.6516 0.6516
vt 0.5244 0.5957 0.5957
vt 0.5273 0.5957 0.5957
vt 0.5273 0.6516 0.6516
vt 0.5244 0.6516 0.6516
vt 0.5215 0.5957 0.5957
vt 0.5215 0.6516 0.6516
vt 0.5186 0.5957 0.5957
vt 0.5186 0.6516 0.6516
vt 0.5156 0.5957 0.5957
vt 0.5156 0.6516 0.6516
vt 0.5757 0.3989 0.3989
vt 0.5781 0.3989 0.3989
vt 0.5781 0.4521 0.4521
vt 0.5757 0.4521 0.4521
vt 0.5078 0.3989 0.3989
vt 0.5078 0.4521 0.4521
vt 0.5049 0.3989 0.3989
vt 0.5049 0.4521 0.4521
vt 0.6792 0.3989 0.3989
vt 0.7070 0.3989 0.3989
vt 0.7070 0.4521 0.4521
vt 0.6792 0.4521 0.4521
vt 0.6768 0.3989 0.3989
vt 0.6768 0.4521 0.4521
vt 0.6089 0.3989 0.3989
vt 0.6089 0.4521 0.4521
vt 0.6060 0.3989 0.3989
vt 0.6060 0.4521 0.4521
vt 0.5063 0.4580 0.4580
vt 0.5112 0.4561 0.4561
vt 0.5063 0.5068 0.5068
vt 0.5752 0.4561 0.4561
vt 0.5796 0.4580 0.4580
vt 0.5752 0.5085 0.5085
vt 0.5112 0.5085 0.5085
vt 0.5796 0.5068 0.5068
vt 0.9048 0.9683 0.9683
vt 0.9106 0.9793 0.9793
vt 0.9048 0.9903 0.9903
vt 0.8901 0.9949 0.9949
vt 0.8760 0.9903 0.9903
vt 0.8760 0.9683 0.9683
vt 0.8901 0.9638 0.9638
vt 0.8701 0.9793 0.9793
vt 0.0098 0.0225 0.0225
vt 0.0097 0.0010 0.0010
vt 0.0371 0.0010 0.0010
vt 0.0098 0.6321 0.6321
vt 0.0372 0.0225 0.0225
vt 0.0643 0.0010 0.0010
vt 0.0098 0.6726 0.6726
vt 0.0372 0.6321 0.6321
vt 0.0644 0.0225 0.0225
vt 0.0912 0.0010 0.0010
vt 0.0098 0.7053 0.7053
vt 0.0372 0.6726 0.6726
vt 0.0644 0.6321 0.6321
vt 0.0912 0.0225 0.0225
vt 0.1180 0.0010 0.0010
vt 0.1449 0.0010 0.0010
vt 0.1448 0.0225 0.0225
vt 0.1180 0.0225 0.0225
vt 0.0912 0.6321 0.6321
vt 0.0644 0.6726 0.6726
vt 0.0372 0.7053 0.7053
vt 0.0098 0.7241 0.7241
vt 0.1448 0.6321 0.6321
vt 0.1180 0.6321 0.6321
vt 0.0912 0.6726 0.6726
vt 0.0644 0.7053 0.7053
vt 0.0912 0.7053 0.7053
vt 0.1180 0.6726 0.6726
vt 0.1448 0.6726 0.6726
vt 0.1716 0.6321 0.6321
vt 0.1716 0.6726 0.6726
vt 0.1989 0.6321 0.6321
vt 0.1989 0.6726 0.6726
vt 0.2262 0.6321 0.6321
vt 0.1180 0.7053 0.7053
vt 0.1448 0.7053 0.7053
vt 0.1716 0.7053 0.7053
vt 0.1989 0.7053 0.7053
vt 0.2262 0.6726 0.6726
vt 0.2262 0.7053 0.7053
vt 0.2537 0.6726 0.6726
vt 0.2537 0.6321 0.6321
vt 0.2813 0.6321 0.6321
vt 0.2813 0.6726 0.6726
vt 0.3083 0.6321 0.6321
vt 0.3083 0.6726 0.6726
vt 0.3352 0.6321 0.6321
vt 0.3352 0.6726 0.6726
vt 0.3621 0.6321 0.6321
vt 0.4158 0.0225 0.0225
vt 0.4158 0.6321 0.6321
vt 0.3887 0.6321 0.6321
vt 0.3887 0.0225 0.0225
vt 0.3621 0.0225 0.0225
vt 0.3352 0.0225 0.0225
vt 0.3083 0.0225 0.0225
vt 0.2813 0.0225 0.0225
vt 0.4158 0.0010 0.0010
vt 0.3889 0.0010 0.0010
vt 0.3621 0.0010 0.0010
vt 0.3352 0.0010 0.0010
vt 0.3081 0.0010 0.0010
vt 0.2810 0.0010 0.0010
vt 0.2537 0.0225 0.0225
vt 0.2537 0.0010 0.0010
vt 0.2262 0.0225 0.0225
vt 0.2263 0.0010 0.0010
vt 0.1989 0.0225 0.0225
vt 0.1990 0.0010 0.0010
vt 0.1716 0.0225 0.0225
vt 0.1718 0.0010 0.0010
vt 0.9536 0.9027 0.9027
vt 0.9600 0.9027 0.9027
vt 0.9600 0.9913 0.9913
vt 0.9536 0.9913 0.9913
vt 0.9473 0.9027 0.9027
vt 0.9473 0.9913 0.9913
vt 0.9404 0.9027 0.9027
vt 0.9404 0.9913 0.9913
vt 0.9858 0.9027 0.9027
vt 0.9927 0.9027 0.9027
vt 0.9927 0.9913 0.9913
vt 0.9858 0.9913 0.9913
vt 0.9795 0.9027 0.9027
vt 0.9795 0.9913 0.9913
vt 0.9731 0.9027 0.9027
vt 0.9731 0.9913 0.9913
vt 0.9668 0.9027 0.9027
vt 0.9668 0.9913 0.9913
vt 0.2394 0.8990 0.8990
vt 0.2695 0.9044 0.9044
vt 0.2891 0.9279 0.9279
vt 0.2129 0.9721 0.9721
vt 0.2024 0.9432 0.9432
vt 0.2129 0.9143 0.9143
vt 0.2891 0.9586 0.9586
vt 0.2695 0.9821 0.9821
vt 0.2394 0.9874 0.9874
vt 0.2537 0.7053 0.7053
vt 0.2813 0.7053 0.7053
vt 0.3083 0.7053 0.7053
vt 0.3352 0.7053 0.7053
vt 0.3621 0.6726 0.6726
vt 0.3621 0.7053 0.7053
vt 0.3887 0.6726 0.6726
vt 0.3887 0.7053 0.7053
vt 0.4158 0.6726 0.6726
vt 0.4158 0.7053 0.7053
vt 0.4429 0.6321 0.6321
vt 0.4429 0.6726 0.6726
vt 0.4429 0.7053 0.7053
vt 0.4978 0.6726 0.6726
vt 0.4978 0.7053 0.7053
vt 0.4702 0.7053 0.7053
vt 0.4702 0.6726 0.6726
vt 0.4702 0.6321 0.6321
vt 0.4702 0.0225 0.0225
vt 0.4429 0.0225 0.0225
vt 0.4978 0.6321 0.6321
vt 0.4978 0.0225 0.0225
vt 0.4978 0.0010 0.0010
vt 0.4705 0.0010 0.0010
vt 0.4429 0.0010 0.0010
vt 0.1716 0.7805 0.7805
vt 0.2262 0.7805 0.7805
vt 0.2262 0.7926 0.7926
vt 0.1716 0.7926 0.7926
vt 0.1180 0.7805 0.7805
vt 0.1180 0.7926 0.7926
vt 0.0644 0.7805 0.7805
vt 0.0644 0.7926 0.7926
vt 0.1180 0.7760 0.7760
vt 0.0912 0.7760 0.7760
vt 0.0644 0.7760 0.7760
vt 0.0372 0.7760 0.7760
vt 0.0098 0.7760 0.7760
vt 0.0098 0.7805 0.7805
vt 0.0098 0.7926 0.7926
vt 0.2813 0.7760 0.7760
vt 0.3083 0.7760 0.7760
vt 0.3352 0.7805 0.7805
vt 0.2813 0.7805 0.7805
vt 0.2537 0.7760 0.7760
vt 0.2262 0.7760 0.7760
vt 0.1989 0.7760 0.7760
vt 0.1716 0.7760 0.7760
vt 0.1448 0.7760 0.7760
vt 0.4429 0.7805 0.7805
vt 0.4978 0.7805 0.7805
vt 0.4978 0.7926 0.7926
vt 0.4429 0.7926 0.7926
vt 0.3887 0.7805 0.7805
vt 0.3887 0.7926 0.7926
vt 0.3352 0.7926 0.7926
vt 0.2813 0.7926 0.7926
vt 0.4702 0.7760 0.7760
vt 0.4978 0.7760 0.7760
vt 0.4429 0.7760 0.7760
vt 0.4158 0.7760 0.7760
vt 0.3887 0.7760 0.7760
vt 0.3621 0.7760 0.7760
vt 0.3352 0.7760 0.7760
vt 0.8389 0.7031 0.7031
vt 0.7813 0.7031 0.7031
vt 0.7813 0.6960 0.6960
vt 0.8389 0.6960 0.6960
vt 0.7700 0.7141 0.7141
vt 0.7700 0.6992 0.6992
vt 0.7700 0.6938 0.6938
vt 0.7813 0.6904 0.6904
vt 0.8389 0.6904 0.6904
vt 0.8501 0.6938 0.6938
vt 0.8501 0.6992 0.6992
vt 0.8501 0.7141 0.7141
vt 0.0644 0.7241 0.7241
vt 0.0912 0.7241 0.7241
vt 0.0372 0.7241 0.7241
vt 0.1989 0.7241 0.7241
vt 0.2262 0.7241 0.7241
vt 0.1716 0.7241 0.7241
vt 0.1448 0.7241 0.7241
vt 0.1180 0.7241 0.7241
vt 0.3352 0.7241 0.7241
vt 0.3621 0.7241 0.7241
vt 0.3083 0.7241 0.7241
vt 0.2813 0.7241 0.7241
vt 0.2537 0.7241 0.7241
vt 0.4702 0.7241 0.7241
vt 0.4978 0.7241 0.7241
vt 0.4429 0.7241 0.7241
vt 0.4158 0.7241 0.7241
vt 0.3887 0.7241 0.7241
vt 0.0540 0.9868 0.9868
vt 0.0726 0.9544 0.9544
vt 0.0859 0.9984 0.9984
vt 0.1133 0.9616 0.9616
vt 0.1198 0.9984 0.9984
vt 0.1516 0.9868 0.9868
vt 0.1490 0.9408 0.9408
vt 0.1776 0.9649 0.9649
vt 0.1946 0.9354 0.9354
vt 0.1133 0.8422 0.8422
vt 0.1492 0.8629 0.8629
vt 0.1632 0.9019 0.9019
vt 0.2004 0.9019 0.9019
vt 0.1946 0.8684 0.8684
vt 0.1776 0.8389 0.8389
vt 0.1516 0.8170 0.8170
vt 0.1198 0.8054 0.8054
vt 0.0859 0.8054 0.8054
vt 0.0727 0.8494 0.8494
vt 0.0460 0.9226 0.9226
vt 0.0461 0.8811 0.8811
vt 0.0540 0.8170 0.8170
vt 0.0280 0.8389 0.8389
vt 0.0111 0.8684 0.8684
vt 0.0052 0.9019 0.9019
vt 0.0111 0.9354 0.9354
vt 0.0280 0.9649 0.9649
vt 0.3970 0.9368 0.9368
vt 0.3970 0.9966 0.9966
vt 0.3630 0.9368 0.9368
vt 0.3630 0.9966 0.9966
vt 0.3291 0.9368 0.9368
vt 0.3291 0.9966 0.9966
vt 0.2952 0.9368 0.9368
vt 0.2952 0.9966 0.9966
vt 0.4983 0.9368 0.9368
vt 0.4983 0.9966 0.9966
vt 0.8345 0.7080 0.7080
vt 0.7866 0.7080 0.7080
vt 0.3682 0.8969 0.8969
vt 0.3650 0.8918 0.8918
vt 0.3684 0.8875 0.8875
vt 0.3733 0.8952 0.8952
vt 0.3691 0.9078 0.9078
vt 0.3743 0.9078 0.9078
vt 0.3733 0.9204 0.9204
vt 0.3682 0.9188 0.9188
vt 0.3684 0.9283 0.9283
vt 0.3650 0.9238 0.9238
vt 0.3601 0.9320 0.9320
vt 0.3596 0.9263 0.9263
vt 0.3491 0.9319 0.9319
vt 0.3501 0.9265 0.9265
vt 0.3347 0.9287 0.9287
vt 0.3357 0.9238 0.9238
vt 0.3267 0.9247 0.9247
vt 0.3296 0.9208 0.9208
vt 0.3215 0.9193 0.9193
vt 0.3257 0.9171 0.9171
vt 0.3193 0.9078 0.9078
vt 0.3240 0.9078 0.9078
vt 0.3257 0.8986 0.8986
vt 0.3215 0.8963 0.8963
vt 0.3296 0.8948 0.8948
vt 0.3267 0.8909 0.8909
vt 0.3357 0.8918 0.8918
vt 0.3347 0.8869 0.8869
vt 0.3501 0.8892 0.8892
vt 0.3491 0.8837 0.8837
vt 0.3596 0.8893 0.8893
vt 0.3601 0.8836 0.8836
vt 0.7358 0.7253 0.7253
vt 0.7520 0.7253 0.7253
vt 0.7520 0.6904 0.6904
vt 0.7358 0.6904 0.6904
vt 0.7266 0.7253 0.7253
vt 0.7266 0.6904 0.6904
vt 0.7217 0.7253 0.7253
vt 0.7217 0.6904 0.6904
vt 0.7168 0.7253 0.7253
vt 0.7168 0.6904 0.6904
vt 0.7075 0.7253 0.7253
vt 0.7075 0.6904 0.6904
vt 0.6982 0.6904 0.6904
vt 0.6982 0.7253 0.7253
vt 0.6934 0.6904 0.6904
vt 0.6934 0.7253 0.7253
vt 0.6885 0.6904 0.6904
vt 0.6885 0.7253 0.7253
vt 0.6792 0.6904 0.6904
vt 0.6792 0.7253 0.7253
vt 0.6631 0.6904 0.6904
vt 0.6631 0.7253 0.7253
vt 0.6563 0.6904 0.6904
vt 0.6563 0.7253 0.7253
vt 0.6519 0.6904 0.6904
vt 0.6519 0.7253 0.7253
vt 0.6436 0.6904 0.6904
vt 0.6436 0.7253 0.7253
vt 0.6357 0.7253 0.7253
vt 0.6357 0.6904 0.6904
vt 0.6309 0.7253 0.7253
vt 0.6309 0.6904 0.6904
vt 0.6245 0.7253 0.7253
vt 0.6245 0.6904 0.6904
vt 0.6299 0.7253 0.7253
vt 0.6226 0.7253 0.7253
vt 0.6226 0.6904 0.6904
vt 0.6299 0.6904 0.6904
vt 0.6353 0.7253 0.7253
vt 0.6353 0.6904 0.6904
vt 0.6572 0.6904 0.6904
vt 0.6572 0.7253 0.7253
vt 0.6646 0.6904 0.6904
vt 0.6646 0.7253 0.7253
vt 0.6777 0.6904 0.6904
vt 0.6777 0.7253 0.7253
vt 0.6860 0.6904 0.6904
vt 0.6860 0.7253 0.7253
vt 0.6924 0.6904 0.6904
vt 0.6924 0.7253 0.7253
vt 0.6987 0.6904 0.6904
vt 0.6987 0.7253 0.7253
vt 0.7163 0.7253 0.7253
vt 0.7163 0.6904 0.6904
vt 0.7227 0.7253 0.7253
vt 0.7227 0.6904 0.6904
vt 0.7290 0.7253 0.7253
vt 0.7290 0.6904 0.6904
vt 0.7373 0.7253 0.7253
vt 0.7373 0.6904 0.6904
vt 0.7505 0.7253 0.7253
vt 0.7505 0.6904 0.6904
vt 0.3164 0.8898 0.8898
vt 0.2830 0.8932 0.8932
vt 0.2830 0.8871 0.8871
vt 0.3154 0.8839 0.8839
vt 0.3450 0.8802 0.8802
vt 0.3423 0.8748 0.8748
vt 0.3638 0.8658 0.8658
vt 0.3594 0.8618 0.8618
vt 0.3704 0.8489 0.8489
vt 0.3645 0.8489 0.8489
vt 0.3638 0.8318 0.8318
vt 0.3594 0.8358 0.8358
vt 0.3450 0.8174 0.8174
vt 0.3423 0.8229 0.8229
vt 0.3164 0.8077 0.8077
vt 0.2830 0.8489 0.8489
vt 0.2830 0.8104 0.8104
vt 0.3154 0.8137 0.8137
vt 0.2507 0.8137 0.8137
vt 0.2238 0.8229 0.8229
vt 0.2068 0.8358 0.8358
vt 0.2017 0.8489 0.8489
vt 0.2068 0.8618 0.8618
vt 0.2238 0.8748 0.8748
vt 0.2507 0.8839 0.8839
vt 0.1956 0.8489 0.8489
vt 0.2023 0.8318 0.8318
vt 0.2023 0.8658 0.8658
vt 0.2212 0.8802 0.8802
vt 0.2496 0.8898 0.8898
vt 0.2830 0.8043 0.8043
vt 0.2496 0.8077 0.8077
vt 0.2212 0.8174 0.8174
vt 0.6123 0.3940 0.3940
vt 0.5806 0.3940 0.3940
vt 0.5815 0.3711 0.3711
vt 0.6123 0.3711 0.3711
vt 0.6411 0.3940 0.3940
vt 0.6396 0.3711 0.3711
vt 0.6685 0.3940 0.3940
vt 0.6953 0.3940 0.3940
vt 0.5444 0.3940 0.3940
vt 0.5459 0.3711 0.3711
vt 0.5508 0.3643 0.3643
vt 0.5859 0.3643 0.3643
vt 0.6128 0.3643 0.3643
vt 0.6353 0.3643 0.3643
vt 0.6152 0.3442 0.3442
vt 0.5938 0.3442 0.3442
vt 0.5605 0.3442 0.3442
vt 0.5044 0.3442 0.3442
vt 0.5044 0.3643 0.3643
vt 0.5044 0.3711 0.3711
vt 0.5044 0.3940 0.3940
vt 0.8545 0.6833 0.6833
vt 0.8193 0.6833 0.6833
vt 0.7837 0.6833 0.6833
vt 0.7485 0.6833 0.6833
vt 0.7134 0.6833 0.6833
vt 0.8857 0.0024 0.0024
vt 0.8716 0.0024 0.0024
vt 0.8569 0.0024 0.0024
vt 0.8389 0.0024 0.0024
vt 0.8071 0.0024 0.0024
# 871 texture coords

g Fire_Extiguisher
usemtl OBJ_FireExtinguisher_mat
s 1
f 1/1/1 2/2/1 3/3/1 
s 2
f 3/3/1 4/4/1 1/1/1 
s 3
f 5/5/2 6/6/3 7/7/4 
s 4
f 8/8/5 9/9/6 10/10/7 
s 5
f 7/7/4 8/8/5 10/10/7 
s 6
f 11/11/8 7/7/4 10/10/7 
s 7
f 7/7/4 11/11/8 5/5/2 
s 8
f 12/12/9 5/5/2 11/11/8 
s 9
f 11/11/8 13/13/10 12/12/9 
s 10
f 14/14/11 12/12/9 13/13/10 
s 11
f 13/13/10 15/15/12 14/14/11 
s 12
f 15/15/12 13/13/10 16/16/13 
s 13
f 17/17/14 15/15/12 16/16/13 
s 14
f 18/18/15 17/17/14 16/16/13 
s 15
f 13/13/10 11/11/8 10/10/7 
s 16
f 10/10/7 16/16/13 13/13/10 
s 17
f 19/19/16 20/20/17 21/21/18 
s 18
f 21/21/18 22/22/19 19/19/16 
s 19
f 22/22/19 21/21/18 9/9/6 
s 20
f 9/9/6 18/18/15 22/22/19 
s 21
f 19/19/16 22/22/19 18/18/15 
s 22
f 18/18/15 16/16/13 19/19/16 
s 23
f 20/20/17 19/19/16 16/16/13 
s 24
f 16/16/13 10/10/7 20/20/17 
s 25
f 21/21/18 20/20/17 10/10/7 
s 26
f 10/10/7 9/9/6 21/21/18 
s 27
f 6/23/3 23/24/20 24/25/21 
s 28
f 24/25/21 7/26/4 6/23/3 
s 29
f 8/27/5 7/26/4 24/25/21 
s 30
f 24/25/21 25/28/22 8/27/5 
s 31
f 26/29/23 27/30/24 28/31/25 
s 32
f 28/31/25 29/32/26 26/29/23 
s 33
f 30/33/27 26/29/23 29/32/26 
s 34
f 29/32/26 31/34/27 30/33/27 
s 35
f 30/33/27 31/34/27 32/35/28 
s 36
f 32/35/28 33/36/28 30/33/27 
s 37
f 34/36/29 35/35/29 36/34/30 
s 38
f 36/34/30 37/33/30 34/36/29 
s 39
f 38/29/31 37/33/30 36/34/30 
s 40
f 36/34/30 39/32/31 38/29/31 
s 41
f 27/30/24 38/29/31 39/32/31 
s 42
f 39/32/31 28/31/25 27/30/24 
s 43
f 40/37/32 41/38/33 42/39/34 
s 44
f 43/40/35 44/41/36 45/42/37 
s 45
f 43/40/35 46/43/38 44/41/36 
s 46
f 43/40/35 47/44/39 46/43/38 
s 47
f 43/40/35 48/45/40 47/44/39 
s 48
f 49/46/41 48/45/40 43/40/35 
s 49
f 43/40/35 50/47/42 49/46/41 
s 50
f 42/39/34 49/46/41 50/47/42 
s 51
f 50/47/42 51/48/43 42/39/34 
s 52
f 42/39/34 51/48/43 40/37/32 
s 53
f 52/49/44 40/37/32 51/48/43 
s 54
f 51/48/43 53/50/45 52/49/44 
s 55
f 53/50/45 51/48/43 50/47/42 
s 56
f 50/47/42 54/51/46 53/50/45 
s 57
f 54/51/46 50/47/42 43/40/35 
s 58
f 43/40/35 55/52/47 54/51/46 
s 59
f 55/52/47 43/40/35 56/53/48 
s 60
f 56/53/48 57/54/49 55/52/47 
s 61
f 57/54/49 56/53/48 58/55/50 
s 62
f 58/55/50 59/56/51 57/54/49 
s 63
f 60/57/52 58/55/50 56/53/48 
s 64
f 56/53/48 61/58/53 60/57/52 
s 65
f 62/59/54 61/58/53 56/53/48 
s 66
f 63/60/55 62/59/54 56/53/48 
s 67
f 64/61/56 63/60/55 56/53/48 
s 68
f 45/42/37 64/61/56 56/53/48 
s 69
f 43/40/35 45/42/37 56/53/48 
s 70
f 41/62/57 65/63/58 66/64/59 
s 71
f 66/64/59 67/65/60 41/62/57 
s 72
f 42/66/61 41/62/57 67/65/60 
s 73
f 67/65/60 68/67/62 42/66/61 
s 74
f 49/68/63 42/66/61 68/67/62 
s 75
f 68/67/62 69/69/64 49/68/63 
s 76
f 48/70/65 49/68/63 69/69/64 
s 77
f 69/69/64 70/71/66 48/70/65 
s 78
f 47/72/67 48/70/65 70/71/66 
s 79
f 70/71/66 71/73/68 47/72/67 
s 80
f 46/74/69 47/72/67 71/73/68 
s 81
f 71/73/68 44/75/70 46/74/69 
s 82
f 60/76/71 61/77/71 62/78/72 
s 83
f 72/79/73 45/80/73 44/75/74 
s 84
f 45/80/73 72/79/73 73/81/75 
s 85
f 73/81/75 64/82/75 45/80/73 
s 86
f 64/82/75 73/81/75 74/83/76 
s 87
f 74/83/76 63/84/76 64/82/75 
s 88
f 63/84/76 74/83/76 75/85/77 
s 89
f 75/85/77 62/78/72 63/84/76 
s 90
f 75/85/77 76/86/78 62/78/72 
s 91
f 76/86/78 60/76/71 62/78/72 
s 92
f 76/86/78 77/87/78 60/76/71 
s 93
f 67/65/79 66/64/80 78/88/71 
s 94
f 67/65/79 78/88/71 79/89/81 
s 95
f 69/69/81 67/65/79 79/89/81 
s 96
f 69/69/81 79/89/81 80/90/82 
s 97
f 80/90/82 70/71/82 69/69/81 
s 98
f 70/71/82 80/90/82 81/91/83 
s 99
f 81/91/83 71/73/84 70/71/82 
s 100
f 71/73/84 81/91/83 82/92/85 
s 101
f 82/92/85 44/75/74 71/73/84 
s 102
f 44/75/74 82/92/85 72/79/73 
s 103
f 69/69/81 68/67/86 67/65/79 
s 104
f 55/93/47 57/94/49 59/95/51 
s 105
f 55/93/47 83/52/87 84/51/88 
s 106
f 55/93/47 59/95/51 83/52/87 
s 107
f 59/95/51 85/54/89 83/52/87 
s 108
f 83/52/87 85/54/89 86/53/90 
s 109
f 86/53/90 87/40/91 83/52/87 
s 110
f 84/51/88 83/52/87 87/40/91 
s 111
f 87/40/91 88/47/92 84/51/88 
s 112
f 89/50/93 84/51/88 88/47/92 
s 113
f 84/51/88 54/96/46 55/93/47 
s 114
f 84/51/88 90/49/94 54/96/46 
s 115
f 84/51/88 89/50/93 90/49/94 
s 116
f 90/49/94 89/50/93 91/48/95 
s 117
f 88/47/92 91/48/95 89/50/93 
s 118
f 92/39/96 91/48/95 88/47/92 
s 119
f 88/47/92 93/46/97 92/39/96 
s 120
f 93/46/97 88/47/92 87/40/91 
s 121
f 87/40/91 94/45/98 93/46/97 
s 122
f 87/40/91 95/44/98 94/45/98 
s 123
f 92/39/96 65/38/99 96/37/100 
s 124
f 96/37/100 91/48/95 92/39/96 
s 125
f 91/48/95 96/37/100 90/49/94 
s 126
f 65/97/99 41/98/33 40/99/32 
s 127
f 40/99/32 96/37/100 65/97/99 
s 128
f 96/37/100 40/99/32 52/100/44 
s 129
f 52/100/44 90/49/94 96/37/100 
s 130
f 90/49/94 52/100/44 53/101/45 
s 131
f 90/49/94 53/101/45 54/96/46 
s 132
f 87/40/91 97/43/98 95/44/98 
s 133
f 87/40/91 82/41/98 97/43/98 
s 134
f 87/40/91 72/42/98 82/41/98 
s 135
f 87/40/91 86/53/90 72/42/98 
s 136
f 86/53/90 73/61/98 72/42/98 
s 137
f 86/53/90 74/60/98 73/61/98 
s 138
f 86/53/90 75/59/98 74/60/98 
s 139
f 86/53/90 76/58/101 75/59/98 
s 140
f 77/57/102 76/58/101 86/53/90 
s 141
f 86/53/90 98/55/103 77/57/102 
s 142
f 98/55/103 86/53/90 85/54/89 
s 143
f 85/54/89 99/56/104 98/55/103 
s 144
f 59/95/51 99/56/104 85/54/89 
s 145
f 99/56/104 59/95/51 58/102/50 
s 146
f 58/102/50 98/55/103 99/56/104 
s 147
f 98/55/103 58/102/50 60/103/52 
s 148
f 60/103/52 77/104/102 98/55/103 
s 149
f 100/105/105 101/106/106 102/107/107 
s 150
f 103/108/108 104/109/109 105/110/110 
s 151
f 105/110/110 106/111/111 103/108/108 
s 152
f 106/111/111 105/110/110 107/112/112 
s 153
f 107/112/112 108/113/113 106/111/111 
s 154
f 108/113/113 107/112/112 109/114/114 
s 155
f 109/114/114 102/107/107 108/113/113 
s 156
f 102/107/107 109/114/114 100/105/105 
s 157
f 100/105/105 109/114/114 110/115/115 
s 158
f 110/115/115 111/116/116 100/105/105 
s 159
f 111/116/116 110/115/115 112/117/117 
s 160
f 113/118/118 114/119/119 115/120/120 
s 161
f 105/110/110 115/120/120 114/119/119 
s 162
f 114/119/119 107/112/112 105/110/110 
s 163
f 107/112/112 114/119/119 110/115/115 
s 164
f 110/115/115 109/114/114 107/112/112 
s 165
f 112/117/117 110/115/115 114/119/119 
s 166
f 114/119/119 113/118/118 112/117/117 
s 167
f 116/121/121 112/117/117 113/118/118 
s 168
f 113/118/118 117/122/121 116/121/121 
s 169
f 118/123/122 116/121/121 117/122/121 
s 170
f 117/122/121 119/124/123 118/123/122 
s 171
f 120/125/124 118/123/122 119/124/123 
s 172
f 119/124/123 121/126/125 120/125/124 
s 173
f 122/127/126 120/125/124 121/126/125 
s 174
f 121/126/125 123/128/127 122/127/126 
s 175
f 124/129/128 123/128/127 125/130/129 
s 176
f 126/131/130 125/130/129 123/128/127 
s 177
f 123/128/127 121/126/125 126/131/130 
s 178
f 127/132/131 126/131/130 121/126/125 
s 179
f 121/126/125 119/124/123 127/132/131 
s 180
f 128/133/132 127/132/131 119/124/123 
s 181
f 119/124/123 117/122/121 128/133/132 
s 182
f 129/134/133 128/133/132 117/122/121 
s 183
f 117/122/121 113/118/118 129/134/133 
s 184
f 115/120/120 129/134/133 113/118/118 
s 185
f 115/120/120 105/110/110 104/109/109 
s 186
f 104/109/109 130/135/134 115/120/120 
s 187
f 129/134/133 115/120/120 130/135/134 
s 188
f 130/135/134 131/136/135 129/134/133 
s 189
f 128/133/132 129/134/133 131/136/135 
s 190
f 131/136/135 132/137/136 128/133/132 
s 191
f 127/132/131 128/133/132 132/137/136 
s 192
f 132/137/136 133/138/137 127/132/131 
s 193
f 126/131/130 127/132/131 133/138/137 
s 194
f 133/138/137 134/139/138 126/131/130 
s 195
f 130/135/134 104/109/109 135/140/139 
s 196
f 135/140/139 136/141/140 130/135/134 
s 197
f 131/136/135 130/135/134 136/141/140 
s 198
f 136/141/140 137/142/141 131/136/135 
s 199
f 132/137/136 131/136/135 137/142/141 
s 200
f 137/142/141 138/143/142 132/137/136 
s 201
f 133/138/137 132/137/136 138/143/142 
s 202
f 138/143/142 139/144/143 133/138/137 
s 203
f 134/139/138 133/138/137 139/144/143 
s 204
f 139/144/143 140/145/144 134/139/138 
s 205
f 141/146/145 142/147/146 138/143/142 
s 206
f 138/143/142 137/142/141 141/146/145 
s 207
f 143/148/147 141/146/145 137/142/141 
s 208
f 137/142/141 136/141/140 143/148/147 
s 209
f 144/149/148 143/148/147 136/141/140 
s 210
f 136/141/140 135/140/139 144/149/148 
s 211
f 145/150/149 144/149/148 135/140/139 
s 212
f 135/140/139 146/151/150 145/150/149 
s 213
f 146/151/150 135/140/139 104/109/109 
s 214
f 104/109/109 103/108/108 146/151/150 
s 215
f 147/152/151 148/153/152 149/154/153 
s 216
f 149/154/153 150/155/154 147/152/151 
s 217
f 151/156/155 147/152/151 150/155/154 
s 218
f 150/155/154 152/157/156 151/156/155 
s 219
f 153/158/157 151/156/155 152/157/156 
s 220
f 152/157/156 140/145/144 153/158/157 
s 221
f 154/159/158 153/158/157 140/145/144 
s 222
f 140/145/144 139/144/143 154/159/158 
s 223
f 142/147/146 154/159/158 139/144/143 
s 224
f 139/144/143 138/143/142 142/147/146 
s 225
f 155/160/159 134/139/138 140/145/144 
s 226
f 140/145/144 152/157/156 155/160/159 
s 227
f 156/161/160 155/160/159 152/157/156 
s 228
f 152/157/156 150/155/154 156/161/160 
s 229
f 125/130/129 126/131/130 134/139/138 
s 230
f 134/139/138 155/160/159 125/130/129 
s 231
f 157/162/161 125/130/129 155/160/159 
s 232
f 155/160/159 156/161/160 157/162/161 
s 233
f 158/163/162 157/162/161 156/161/160 
s 234
f 156/161/160 159/164/163 158/163/162 
s 235
f 159/164/163 156/161/160 150/155/154 
s 236
f 150/155/154 149/154/153 159/164/163 
s 237
f 160/165/164 161/166/165 162/167/166 
s 238
f 162/167/166 163/168/167 160/165/164 
s 239
f 149/154/153 160/165/164 163/168/167 
s 240
f 163/168/167 159/164/163 149/154/153 
s 241
f 159/164/163 163/168/167 164/169/168 
s 242
f 164/169/168 158/163/162 159/164/163 
s 243
f 165/170/169 158/163/162 164/169/168 
s 244
f 157/162/161 158/163/162 165/170/169 
s 245
f 165/170/169 124/129/128 157/162/161 
s 246
f 125/130/129 157/162/161 124/129/128 
s 247
f 166/171/128 122/127/126 123/128/127 
s 248
f 123/128/127 124/129/128 166/171/128 
s 249
f 167/172/170 166/171/128 124/129/128 
s 250
f 124/129/128 165/170/169 167/172/170 
s 251
f 167/172/170 165/170/169 168/173/171 
s 252
f 164/169/168 168/173/171 165/170/169 
s 253
f 168/173/171 164/169/168 169/174/172 
s 254
f 169/174/172 164/169/168 163/168/167 
s 255
f 163/168/167 162/167/166 169/174/172 
s 256
f 170/175/173 169/174/172 162/167/166 
s 257
f 122/127/126 166/171/128 171/176/174 
s 258
f 172/177/175 171/176/174 166/171/128 
s 259
f 166/171/128 167/172/170 172/177/175 
s 260
f 172/177/175 167/172/170 173/178/176 
s 261
f 168/173/171 173/178/176 167/172/170 
s 262
f 173/178/176 168/173/171 174/179/177 
s 263
f 169/174/172 174/179/177 168/173/171 
s 264
f 175/180/178 174/179/177 169/174/172 
s 265
f 169/174/172 170/175/173 175/180/178 
s 266
f 176/181/179 175/180/178 170/175/173 
s 267
f 177/182/180 108/183/113 102/184/107 
s 268
f 102/184/107 178/185/181 177/182/180 
s 269
f 179/186/182 177/182/180 178/185/181 
s 270
f 178/185/181 180/187/183 179/186/182 
s 271
f 176/181/179 179/186/182 180/187/183 
s 272
f 180/187/183 181/188/184 176/181/179 
s 273
f 175/180/178 176/181/179 181/188/184 
s 274
f 181/188/184 182/189/185 175/180/178 
s 275
f 174/179/177 175/180/178 182/189/185 
s 276
f 182/189/185 183/190/186 174/179/177 
s 277
f 174/179/177 183/190/186 173/178/176 
s 278
f 184/191/187 173/178/176 183/190/186 
s 279
f 173/178/176 184/191/187 172/177/175 
s 280
f 183/190/186 185/192/188 184/191/187 
s 281
f 186/193/189 185/192/188 183/190/186 
s 282
f 183/190/186 182/189/185 186/193/189 
s 283
f 187/194/190 186/193/189 182/189/185 
s 284
f 182/189/185 181/188/184 187/194/190 
s 285
f 188/195/191 187/194/190 181/188/184 
s 286
f 181/188/184 180/187/183 188/195/191 
s 287
f 189/196/192 188/195/191 180/187/183 
s 288
f 180/187/183 178/185/181 189/196/192 
s 289
f 101/197/106 189/196/192 178/185/181 
s 290
f 178/185/181 102/184/107 101/197/106 
s 291
f 141/198/29 143/199/29 142/200/29 
s 292
f 143/199/29 144/201/29 145/202/29 
s 293
f 143/199/29 145/202/29 142/200/29 
s 294
f 145/202/29 190/203/29 142/200/29 
s 295
f 190/203/29 147/204/29 142/200/29 
s 296
f 190/203/29 191/205/29 147/204/29 
s 297
f 191/205/29 148/206/29 147/204/29 
s 298
f 190/203/29 192/207/29 191/205/29 
s 299
f 145/202/29 193/208/29 194/209/29 
s 300
f 145/202/29 194/209/29 190/203/29 
s 301
f 194/209/29 195/210/29 190/203/29 
s 302
f 147/204/29 151/211/29 153/212/29 
s 303
f 147/204/29 153/212/29 142/200/29 
s 304
f 153/212/29 154/213/29 142/200/29 
s 305
f 196/214/193 197/215/194 198/216/195 
s 306
f 199/217/196 200/218/197 201/219/198 
s 307
f 202/220/199 201/219/198 200/218/197 
s 308
f 200/218/197 203/221/200 202/220/199 
s 309
f 202/220/199 203/221/200 198/216/195 
s 310
f 198/216/195 203/221/200 204/222/201 
s 311
f 204/222/201 205/223/202 198/216/195 
s 312
f 198/216/195 205/223/202 196/214/193 
s 313
f 206/224/203 196/214/193 205/223/202 
s 314
f 196/214/193 206/224/203 207/225/204 
s 315
f 197/215/194 196/214/193 207/225/204 
s 316
f 208/226/98 209/227/98 201/219/198 
s 317
f 210/228/98 208/226/98 201/219/198 
s 318
f 210/228/98 201/219/198 202/220/199 
s 319
f 211/229/98 210/228/98 202/220/199 
s 320
f 207/225/204 212/230/205 197/215/194 
s 321
f 213/231/206 197/215/194 212/230/205 
s 322
f 197/215/194 213/231/206 214/232/207 
s 323
f 214/232/207 198/216/195 197/215/194 
s 324
f 198/216/195 214/232/207 202/220/199 
s 325
f 202/220/199 214/232/207 215/233/208 
s 326
f 215/233/208 216/234/209 202/220/199 
s 327
f 216/234/209 211/229/98 202/220/199 
s 328
f 216/234/209 217/235/98 211/229/98 
s 329
f 216/234/209 218/236/98 217/235/98 
s 330
f 216/237/210 215/238/211 219/239/212 
s 331
f 219/239/212 220/240/213 216/237/210 
s 332
f 218/241/214 216/237/210 220/240/213 
s 333
f 220/240/213 221/242/215 218/241/214 
s 334
f 217/243/216 218/241/214 221/242/215 
s 335
f 221/242/215 211/244/217 217/243/216 
s 336
f 222/245/218 223/246/219 224/247/220 
s 337
f 208/248/221 225/249/221 226/250/222 
s 338
f 226/250/222 209/251/222 208/248/221 
s 339
f 209/251/222 226/250/222 227/252/220 
s 340
f 227/252/220 224/247/220 209/251/222 
s 341
f 227/252/220 228/253/223 224/247/220 
s 342
f 228/253/223 222/245/218 224/247/220 
s 343
f 228/253/223 229/254/224 222/245/218 
s 344
f 219/239/225 230/255/226 231/256/227 
s 345
f 231/256/227 220/240/228 219/239/225 
s 346
f 220/240/228 231/256/227 232/257/229 
s 347
f 232/257/229 221/242/229 220/240/228 
s 348
f 221/242/229 232/257/229 233/258/230 
s 349
f 233/258/230 211/244/230 221/242/229 
s 350
f 211/244/230 233/258/230 234/259/231 
s 351
f 234/259/231 210/260/231 211/244/230 
s 352
f 210/260/231 234/259/231 225/249/221 
s 353
f 225/249/221 208/248/221 210/260/231 
s 354
f 235/261/232 236/262/233 237/263/234 
s 355
f 238/264/235 239/265/236 240/266/237 
s 356
f 241/267/238 240/266/237 239/265/236 
s 357
f 239/265/236 242/268/239 241/267/238 
s 358
f 237/263/234 241/267/238 242/268/239 
s 359
f 242/268/239 243/269/240 237/263/234 
s 360
f 237/263/234 243/269/240 235/261/232 
s 361
f 244/270/241 235/261/232 243/269/240 
s 362
f 243/269/240 245/271/242 244/270/241 
s 363
f 246/272/243 244/270/241 245/271/242 
s 364
f 245/271/242 247/273/244 246/272/243 
s 365
f 243/269/240 242/268/239 248/274/245 
s 366
f 248/274/245 245/271/242 243/269/240 
s 367
f 245/271/242 248/274/245 249/275/246 
s 368
f 249/275/246 247/273/244 245/271/242 
s 369
f 247/273/244 249/275/246 250/276/247 
s 370
f 250/276/247 251/277/248 247/273/244 
s 371
f 251/277/248 250/276/247 252/278/249 
s 372
f 253/279/250 252/278/249 250/276/247 
s 373
f 252/278/249 253/279/250 254/280/251 
s 374
f 255/281/252 254/280/251 253/279/250 
s 375
f 256/282/253 257/283/254 254/280/251 
s 376
f 258/284/255 254/280/251 257/283/254 
s 377
f 254/280/251 258/284/255 252/278/249 
s 378
f 259/285/256 252/278/249 258/284/255 
s 379
f 252/278/249 259/285/256 251/277/248 
s 380
f 257/283/254 260/286/257 258/284/255 
s 381
f 261/287/258 258/284/255 260/286/257 
s 382
f 258/284/255 261/287/258 259/285/256 
s 383
f 260/286/257 262/288/259 261/287/258 
s 384
f 241/289/238 237/290/234 262/288/259 
s 385
f 262/288/259 260/286/257 241/289/238 
s 386
f 240/291/237 241/289/238 260/286/257 
s 387
f 260/286/257 257/283/254 240/291/237 
s 388
f 263/292/260 240/291/237 257/283/254 
s 389
f 257/283/254 256/282/253 263/292/260 
s 390
f 264/293/261 263/292/260 256/282/253 
s 391
f 256/282/253 265/294/262 264/293/261 
s 392
f 266/295/263 264/293/261 265/294/262 
s 393
f 265/294/262 267/296/264 266/295/263 
s 394
f 254/280/251 255/281/252 256/282/253 
s 395
f 265/294/262 256/282/253 255/281/252 
s 396
f 255/281/252 268/297/265 265/294/262 
s 397
f 267/296/264 265/294/262 268/297/265 
s 398
f 268/297/265 269/298/266 267/296/264 
s 399
f 270/299/267 267/296/264 269/298/266 
s 400
f 269/298/266 271/300/268 270/299/267 
s 401
f 272/301/269 270/299/267 271/300/268 
s 402
f 271/300/268 273/302/270 272/301/269 
s 403
f 274/303/271 272/301/269 273/302/270 
s 404
f 275/304/272 266/295/263 267/296/264 
s 405
f 267/296/264 270/299/267 275/304/272 
s 406
f 276/305/273 275/304/272 270/299/267 
s 407
f 270/299/267 272/301/269 276/305/273 
s 408
f 277/306/274 276/305/273 272/301/269 
s 409
f 272/301/269 274/303/271 277/306/274 
s 410
f 278/307/275 277/306/274 274/303/271 
s 411
f 274/303/271 279/308/276 278/307/275 
s 412
f 279/308/276 274/303/271 280/309/277 
s 413
f 280/309/277 281/310/278 279/308/276 
s 414
f 273/302/270 280/309/277 274/303/271 
s 415
f 280/309/277 273/302/270 282/311/279 
s 416
f 282/311/279 283/312/280 280/309/277 
s 417
f 283/312/280 282/311/279 284/313/281 
s 418
f 284/313/281 285/314/282 283/312/280 
s 419
f 285/314/282 284/313/281 286/315/283 
s 420
f 286/315/283 287/316/284 285/314/282 
s 421
f 287/316/284 286/315/283 288/317/285 
s 422
f 288/317/285 289/318/286 287/316/284 
s 423
f 289/318/286 288/317/285 290/319/287 
s 424
f 290/319/287 291/320/288 289/318/286 
s 425
f 281/310/278 280/309/277 283/312/280 
s 426
f 283/312/280 292/321/289 281/310/278 
s 427
f 292/321/289 283/312/280 285/314/282 
s 428
f 285/314/282 293/322/290 292/321/289 
s 429
f 293/322/290 285/314/282 287/316/284 
s 430
f 287/316/284 294/323/291 293/322/290 
s 431
f 294/323/291 287/316/284 289/318/286 
s 432
f 289/318/286 295/324/292 294/323/291 
s 433
f 295/324/292 289/318/286 291/320/288 
s 434
f 291/320/288 296/325/293 295/324/292 
s 435
f 296/325/293 291/320/288 277/326/274 
s 436
f 277/326/274 278/327/275 296/325/293 
s 437
f 276/328/273 277/326/274 291/320/288 
s 438
f 291/320/288 290/319/287 276/328/273 
s 439
f 275/329/272 276/328/273 290/319/287 
s 440
f 290/319/287 297/330/294 275/329/272 
s 441
f 266/331/263 275/329/272 297/330/294 
s 442
f 297/330/294 298/332/295 266/331/263 
s 443
f 264/333/261 266/331/263 298/332/295 
s 444
f 298/332/295 299/334/296 264/333/261 
s 445
f 263/335/260 264/333/261 299/334/296 
s 446
f 299/334/296 238/264/235 263/335/260 
s 447
f 240/266/237 263/335/260 238/264/235 
s 448
f 298/332/295 297/330/294 300/336/297 
s 449
f 300/336/297 301/337/298 298/332/295 
s 450
f 299/334/296 298/332/295 301/337/298 
s 451
f 301/337/298 302/338/299 299/334/296 
s 452
f 238/264/235 299/334/296 302/338/299 
s 453
f 302/338/299 303/339/300 238/264/235 
s 454
f 239/265/236 238/264/235 303/339/300 
s 455
f 303/339/300 304/340/301 239/265/236 
s 456
f 242/268/239 239/265/236 304/340/301 
s 457
f 304/340/301 248/274/245 242/268/239 
s 458
f 303/339/300 302/338/299 305/341/302 
s 459
f 306/342/303 305/341/302 302/338/299 
s 460
f 302/338/299 301/337/298 306/342/303 
s 461
f 307/343/304 306/342/303 301/337/298 
s 462
f 301/337/298 300/336/297 307/343/304 
s 463
f 286/315/283 307/343/304 300/336/297 
s 464
f 300/336/297 288/317/285 286/315/283 
s 465
f 288/317/285 300/336/297 297/330/294 
s 466
f 297/330/294 290/319/287 288/317/285 
s 467
f 308/344/305 309/345/306 310/346/307 
s 468
f 311/347/308 310/346/307 309/345/306 
s 469
f 310/346/307 311/347/308 312/348/309 
s 470
f 312/348/309 313/349/310 310/346/307 
s 471
f 314/350/311 310/346/307 313/349/310 
s 472
f 313/349/310 305/341/302 314/350/311 
s 473
f 315/351/312 314/350/311 305/341/302 
s 474
f 305/341/302 306/342/303 315/351/312 
s 475
f 316/352/313 315/351/312 306/342/303 
s 476
f 306/342/303 307/343/304 316/352/313 
s 477
f 284/313/281 316/352/313 307/343/304 
s 478
f 307/343/304 286/315/283 284/313/281 
s 479
f 315/351/312 316/352/313 317/353/314 
s 480
f 317/353/314 318/354/315 315/351/312 
s 481
f 314/350/311 315/351/312 318/354/315 
s 482
f 318/354/315 308/344/305 314/350/311 
s 483
f 310/346/307 314/350/311 308/344/305 
s 484
f 316/352/313 284/313/281 282/311/279 
s 485
f 282/311/279 317/353/314 316/352/313 
s 486
f 317/353/314 282/311/279 273/302/270 
s 487
f 273/302/270 271/300/268 317/353/314 
s 488
f 318/354/315 317/353/314 271/300/268 
s 489
f 271/300/268 269/298/266 318/354/315 
s 490
f 308/344/305 318/354/315 269/298/266 
s 491
f 269/298/266 268/297/265 308/344/305 
s 492
f 309/345/306 308/344/305 268/297/265 
s 493
f 268/297/265 255/281/252 309/345/306 
s 494
f 253/279/250 309/345/306 255/281/252 
s 495
f 309/345/306 253/279/250 311/347/308 
s 496
f 250/276/247 311/347/308 253/279/250 
s 497
f 311/347/308 250/276/247 249/275/246 
s 498
f 249/275/246 312/348/309 311/347/308 
s 499
f 312/348/309 249/275/246 248/274/245 
s 500
f 248/274/245 304/340/301 312/348/309 
s 501
f 313/349/310 312/348/309 304/340/301 
s 502
f 304/340/301 303/339/300 313/349/310 
s 503
f 305/341/302 313/349/310 303/339/300 
s 504
f 32/355/316 31/356/316 29/357/316 
s 505
f 32/355/316 29/357/316 28/358/316 
s 506
f 32/355/316 28/358/316 39/359/316 
s 507
f 32/355/316 39/359/316 36/360/316 
s 508
f 32/355/316 36/360/316 35/361/316 
s 509
f 319/362/317 229/363/318 228/364/319 
s 510
f 228/364/319 320/219/320 319/362/317 
s 511
f 228/364/319 227/365/316 226/227/316 
s 512
f 320/219/320 228/364/319 226/227/316 
s 513
f 320/219/320 226/227/316 225/226/316 
s 514
f 320/219/320 225/226/316 234/228/316 
s 515
f 321/220/321 320/219/320 234/228/316 
s 516
f 321/220/321 234/228/316 233/229/316 
s 517
f 322/234/322 323/235/316 324/236/316 
s 518
f 322/234/322 233/229/316 323/235/316 
s 519
f 322/234/322 321/220/321 233/229/316 
s 520
f 321/220/321 322/234/322 325/233/323 
s 521
f 325/233/323 326/232/324 321/220/321 
s 522
f 97/366/325 82/92/326 81/91/327 
s 523
f 81/91/327 95/367/328 97/366/325 
s 524
f 94/368/329 95/367/328 81/91/327 
s 525
f 81/91/327 80/90/330 94/368/329 
s 526
f 93/369/331 94/368/329 80/90/330 
s 527
f 80/90/330 79/89/332 93/369/331 
s 528
f 92/370/333 93/369/331 79/89/332 
s 529
f 79/89/332 78/88/334 92/370/333 
s 530
f 65/63/58 92/370/333 78/88/334 
s 531
f 78/88/334 66/64/59 65/63/58 
s 532
f 327/371/335 328/372/336 329/373/337 
s 533
f 4/374/338 3/375/339 328/372/336 
s 534
f 328/372/336 327/371/335 4/374/338 
s 535
f 330/376/340 4/374/338 327/371/335 
s 536
f 327/371/335 329/373/337 330/376/340 
s 537
f 331/377/341 330/376/340 329/373/337 
s 538
f 328/372/336 332/378/342 333/379/343 
s 539
f 328/372/336 333/379/343 329/373/337 
s 540
f 333/379/343 334/380/344 329/373/337 
s 541
f 329/373/337 334/380/344 331/377/341 
s 542
f 335/381/345 331/377/341 334/380/344 
s 543
f 334/380/344 333/379/343 335/381/345 
s 544
f 336/382/346 335/381/345 333/379/343 
s 545
f 333/379/343 332/378/342 336/382/346 
s 546
f 3/375/339 336/382/346 332/378/342 
s 547
f 332/378/342 328/372/336 3/375/339 
s 548
f 323/383/347 233/258/348 232/257/349 
s 549
f 232/257/349 324/384/350 323/383/347 
s 550
f 322/385/351 324/384/350 232/257/349 
s 551
f 232/257/349 231/256/352 322/385/351 
s 552
f 325/386/353 322/385/351 231/256/352 
s 553
f 231/256/352 230/255/354 325/386/353 
s 554
f 337/376/316 338/377/316 1/374/316 
s 555
f 338/377/316 339/381/316 340/382/316 
s 556
f 338/377/316 340/382/316 1/374/316 
s 557
f 340/382/316 2/375/316 1/374/316 
s 558
f 341/9/355 342/18/356 343/22/357 
s 559
f 344/19/358 343/22/357 342/18/356 
s 560
f 345/21/359 343/22/357 344/19/358 
s 561
f 343/22/357 345/21/359 341/9/355 
s 562
f 346/10/360 341/9/355 345/21/359 
s 563
f 347/8/361 341/9/355 346/10/360 
s 564
f 348/7/362 347/8/361 346/10/360 
s 565
f 349/11/363 348/7/362 346/10/360 
s 566
f 350/13/364 349/11/363 346/10/360 
s 567
f 346/10/360 351/16/365 350/13/364 
s 568
f 351/16/365 346/10/360 352/20/366 
s 569
f 352/20/366 344/19/358 351/16/365 
s 570
f 344/19/358 352/20/366 345/21/359 
s 571
f 345/21/359 352/20/366 346/10/360 
s 572
f 353/5/367 354/6/368 348/7/362 
s 573
f 348/7/362 349/11/363 353/5/367 
s 574
f 355/12/369 353/5/367 349/11/363 
s 575
f 349/11/363 350/13/364 355/12/369 
s 576
f 23/14/20 355/12/369 350/13/364 
s 577
f 350/13/364 24/15/21 23/14/20 
s 578
f 24/15/21 350/13/364 351/16/365 
s 579
f 25/17/22 24/15/21 351/16/365 
s 580
f 342/18/356 25/17/22 351/16/365 
s 581
f 342/18/356 351/16/365 344/19/358 
s 582
f 209/227/98 224/365/98 223/364/370 
s 583
f 209/227/98 223/364/370 201/219/198 
s 584
f 356/362/371 201/219/198 223/364/370 
s 585
f 223/364/370 222/363/372 356/362/371 
s 586
f 222/387/372 229/388/318 319/389/317 
s 587
f 319/389/317 356/362/371 222/387/372 
s 588
f 205/223/202 326/390/324 206/224/203 
s 589
f 321/391/321 326/390/324 205/223/202 
s 590
f 205/223/202 204/222/201 321/391/321 
s 591
f 320/392/320 321/391/321 204/222/201 
s 592
f 204/222/201 357/393/373 320/392/320 
s 593
f 319/389/317 320/392/320 357/393/373 
s 594
f 357/393/373 358/394/374 319/389/317 
s 595
f 356/362/371 319/389/317 358/394/374 
s 596
f 358/394/374 199/217/196 356/362/371 
s 597
f 201/219/198 356/362/371 199/217/196 
s 598
f 203/221/200 200/218/197 199/217/196 
s 599
f 203/221/200 199/217/196 204/222/201 
s 600
f 199/217/196 357/393/373 204/222/201 
s 601
f 199/217/196 358/394/374 357/393/373 
s 602
f 359/395/316 360/396/316 361/397/316 
s 603
f 359/395/316 361/397/316 362/398/316 
s 604
f 361/397/316 363/399/316 362/398/316 
s 605
f 363/399/316 364/400/316 362/398/316 
s 606
f 361/397/316 365/401/316 363/399/316 
s 607
f 366/402/316 359/395/316 362/398/316 
s 608
f 367/403/98 368/404/98 369/405/98 
s 609
f 367/403/98 369/405/98 370/406/98 
s 610
f 369/405/98 371/407/98 370/406/98 
s 611
f 371/407/98 372/408/98 370/406/98 
s 612
f 371/407/98 373/409/98 372/408/98 
s 613
f 374/410/98 367/403/98 370/406/98 
s 614
f 369/405/98 375/411/98 371/407/98 
s 615
f 372/408/98 376/412/98 370/406/98 
s 616
f 377/413/316 378/414/316 379/415/316 
s 617
f 377/413/316 379/415/316 380/416/316 
s 618
f 379/415/316 381/417/316 380/416/316 
s 619
f 381/417/316 382/418/316 380/416/316 
s 620
f 381/417/316 383/419/316 382/418/316 
s 621
f 384/420/316 377/413/316 380/416/316 
s 622
f 379/415/316 385/421/316 381/417/316 
s 623
f 382/418/316 386/422/316 380/416/316 
s 624
f 385/421/375 379/415/376 373/409/376 
s 625
f 372/408/377 373/409/376 379/415/376 
s 626
f 379/415/376 378/414/377 372/408/377 
s 627
f 376/412/378 372/408/377 378/414/377 
s 628
f 378/414/377 377/413/379 376/412/378 
s 629
f 370/406/380 376/412/378 377/413/379 
s 630
f 377/413/379 384/420/380 370/406/380 
s 631
f 374/410/381 370/406/380 384/420/380 
s 632
f 384/420/380 380/416/381 374/410/381 
s 633
f 367/403/382 374/410/381 380/416/381 
s 634
f 380/416/381 386/422/382 367/403/382 
s 635
f 368/404/383 367/403/382 386/422/382 
s 636
f 386/422/382 382/418/383 368/404/383 
s 637
f 369/405/384 368/404/383 382/418/383 
s 638
f 382/418/383 383/419/384 369/405/384 
s 639
f 375/411/385 369/405/384 383/419/384 
s 640
f 383/419/384 381/417/386 375/411/385 
s 641
f 371/407/375 375/411/385 381/417/386 
s 642
f 381/417/386 385/421/375 371/407/375 
s 643
f 373/409/376 371/407/375 385/421/375 
s 644
f 354/423/368 353/424/367 14/425/11 
s 645
f 353/424/367 355/426/369 23/427/20 
s 646
f 353/424/367 23/427/20 5/428/2 
s 647
f 353/424/367 5/428/2 14/425/11 
s 648
f 5/428/2 12/429/9 14/425/11 
s 649
f 23/427/20 6/430/3 5/428/2 
s 650
f 361/431/387 360/432/388 387/433/388 
s 651
f 387/433/388 388/434/387 361/431/387 
s 652
f 365/435/389 361/431/387 388/434/387 
s 653
f 388/434/387 389/436/389 365/435/389 
s 654
f 363/437/390 365/435/389 389/436/389 
s 655
f 389/436/389 390/438/390 363/437/390 
s 656
f 364/439/391 363/440/390 390/441/390 
s 657
f 390/441/390 391/442/391 364/439/391 
s 658
f 362/443/392 364/439/391 391/442/391 
s 659
f 391/442/391 392/444/392 362/443/392 
s 660
f 366/445/393 362/443/392 392/444/392 
s 661
f 392/444/392 393/446/393 366/445/393 
s 662
f 359/447/394 366/445/393 393/446/393 
s 663
f 393/446/393 394/448/394 359/447/394 
s 664
f 360/432/388 359/447/394 394/448/394 
s 665
f 394/448/394 387/433/388 360/432/388 
s 666
f 395/449/395 396/450/396 397/451/396 
s 667
f 397/451/396 398/452/395 395/449/395 
s 668
f 399/453/397 395/449/395 398/452/395 
s 669
f 398/452/395 400/454/397 399/453/397 
s 670
f 401/455/398 399/453/397 400/454/397 
s 671
f 400/454/397 402/456/398 401/455/398 
s 672
f 403/457/399 401/458/398 402/459/398 
s 673
f 402/459/398 404/460/399 403/457/399 
s 674
f 405/461/400 403/457/399 404/460/399 
s 675
f 404/460/399 406/462/400 405/461/400 
s 676
f 407/463/401 405/461/400 406/462/400 
s 677
f 406/462/400 408/464/401 407/463/401 
s 678
f 409/465/402 407/463/401 408/464/401 
s 679
f 408/464/401 410/466/402 409/465/402 
s 680
f 396/450/396 409/465/402 410/466/402 
s 681
f 410/466/402 397/451/396 396/450/396 
s 682
f 398/467/403 397/468/403 400/469/403 
s 683
f 397/468/403 410/470/403 408/471/403 
s 684
f 397/468/403 408/471/403 404/472/403 
s 685
f 397/468/403 404/472/403 400/469/403 
s 686
f 404/472/403 402/473/403 400/469/403 
s 687
f 408/471/403 406/474/403 404/472/403 
s 688
f 411/475/316 412/476/316 413/477/316 
s 689
f 414/478/316 415/479/316 413/477/316 
s 690
f 415/479/316 416/480/316 413/477/316 
s 691
f 416/480/316 411/475/316 413/477/316 
s 692
f 416/480/316 417/481/316 411/475/316 
s 693
f 415/479/316 418/482/316 416/480/316 
s 694
f 419/483/404 420/484/405 421/485/406 
s 695
f 422/486/407 419/483/404 423/487/408 
s 696
f 421/485/406 423/487/408 419/483/404 
s 697
f 423/487/408 421/485/406 424/488/409 
s 698
f 425/489/410 422/486/407 426/490/411 
s 699
f 423/487/408 426/490/411 422/486/407 
s 700
f 426/490/411 423/487/408 427/491/412 
s 701
f 424/488/409 427/491/412 423/487/408 
s 702
f 427/491/412 424/488/409 428/492/413 
s 703
f 429/493/414 425/489/410 430/494/415 
s 704
f 426/490/411 430/494/415 425/489/410 
s 705
f 430/494/415 426/490/411 431/495/416 
s 706
f 427/491/412 431/495/416 426/490/411 
s 707
f 431/495/416 427/491/412 432/496/417 
s 708
f 428/492/413 432/496/417 427/491/412 
s 709
f 432/496/417 428/492/413 433/497/418 
s 710
f 434/498/419 435/499/420 436/500/421 
s 711
f 436/500/421 433/497/418 434/498/419 
s 712
f 433/497/418 436/500/421 432/496/417 
s 713
f 437/501/422 432/496/417 436/500/421 
s 714
f 432/496/417 437/501/422 431/495/416 
s 715
f 438/502/423 431/495/416 437/501/422 
s 716
f 431/495/416 438/502/423 430/494/415 
s 717
f 439/503/424 430/494/415 438/502/423 
s 718
f 430/494/415 439/503/424 429/493/414 
s 719
f 440/504/425 429/493/414 439/503/424 
s 720
f 435/499/420 441/505/426 442/506/427 
s 721
f 442/506/427 436/500/421 435/499/420 
s 722
f 436/500/421 442/506/427 437/501/422 
s 723
f 443/507/428 437/501/422 442/506/427 
s 724
f 437/501/422 443/507/428 438/502/423 
s 725
f 444/508/429 438/502/423 443/507/428 
s 726
f 438/502/423 444/508/429 439/503/424 
s 727
f 443/507/428 445/509/430 444/508/429 
s 728
f 445/509/430 443/507/428 446/510/431 
s 729
f 442/506/427 446/510/431 443/507/428 
s 730
f 446/510/431 442/506/427 441/505/426 
s 731
f 441/505/426 447/511/432 446/510/431 
s 732
f 447/511/432 441/505/426 448/512/433 
s 733
f 448/512/433 449/513/434 447/511/432 
s 734
f 449/513/434 448/512/433 450/514/435 
s 735
f 450/514/435 451/515/436 449/513/434 
s 736
f 451/515/436 450/514/435 452/516/437 
s 737
f 446/510/431 453/517/438 445/509/430 
s 738
f 453/517/438 446/510/431 447/511/432 
s 739
f 447/511/432 454/518/439 453/517/438 
s 740
f 454/518/439 447/511/432 449/513/434 
s 741
f 449/513/434 455/519/440 454/518/439 
s 742
f 455/519/440 449/513/434 451/515/436 
s 743
f 451/515/436 456/520/441 455/519/440 
s 744
f 456/520/441 451/515/436 457/521/442 
s 745
f 457/521/442 458/522/443 456/520/441 
s 746
f 458/522/443 457/521/442 459/523/444 
s 747
f 452/516/437 457/521/442 451/515/436 
s 748
f 457/521/442 452/516/437 460/524/445 
s 749
f 460/524/445 459/523/444 457/521/442 
s 750
f 459/523/444 460/524/445 461/525/446 
s 751
f 461/525/446 462/526/447 459/523/444 
s 752
f 462/526/447 461/525/446 463/527/448 
s 753
f 463/527/448 464/528/449 462/526/447 
s 754
f 464/528/449 463/527/448 465/529/450 
s 755
f 465/529/450 466/530/451 464/528/449 
s 756
f 466/530/451 465/529/450 467/531/452 
s 757
f 468/532/453 469/533/454 470/534/455 
s 758
f 470/534/455 471/535/456 468/532/453 
s 759
f 471/535/456 470/534/455 467/531/452 
s 760
f 467/531/452 472/536/457 471/535/456 
s 761
f 472/536/457 467/531/452 465/529/450 
s 762
f 465/529/450 473/537/458 472/536/457 
s 763
f 473/537/458 465/529/450 463/527/448 
s 764
f 463/527/448 474/538/459 473/537/458 
s 765
f 474/538/459 463/527/448 461/525/446 
s 766
f 461/525/446 475/539/460 474/538/459 
s 767
f 476/540/461 468/532/453 471/535/456 
s 768
f 471/535/456 477/541/462 476/540/461 
s 769
f 477/541/462 471/535/456 472/536/457 
s 770
f 472/536/457 478/542/463 477/541/462 
s 771
f 478/542/463 472/536/457 473/537/458 
s 772
f 473/537/458 479/543/464 478/542/463 
s 773
f 479/543/464 473/537/458 474/538/459 
s 774
f 474/538/459 480/544/465 479/543/464 
s 775
f 480/544/465 474/538/459 475/539/460 
s 776
f 475/539/460 481/545/466 480/544/465 
s 777
f 481/545/466 475/539/460 482/546/467 
s 778
f 482/546/467 483/547/468 481/545/466 
s 779
f 483/547/468 482/546/467 484/548/469 
s 780
f 484/548/469 485/549/470 483/547/468 
s 781
f 485/549/470 484/548/469 486/550/471 
s 782
f 486/550/471 487/551/472 485/549/470 
s 783
f 487/551/472 486/550/471 488/552/473 
s 784
f 488/552/473 489/553/474 487/551/472 
s 785
f 489/553/474 488/552/473 435/499/420 
s 786
f 435/499/420 434/498/419 489/553/474 
s 787
f 475/539/460 461/525/446 460/524/445 
s 788
f 460/524/445 482/546/467 475/539/460 
s 789
f 482/546/467 460/524/445 452/516/437 
s 790
f 452/516/437 484/548/469 482/546/467 
s 791
f 484/548/469 452/516/437 450/514/435 
s 792
f 450/514/435 486/550/471 484/548/469 
s 793
f 486/550/471 450/514/435 448/512/433 
s 794
f 448/512/433 488/552/473 486/550/471 
s 795
f 488/552/473 448/512/433 441/505/426 
s 796
f 441/505/426 435/499/420 488/552/473 
s 797
f 490/554/475 491/555/476 411/556/476 
s 798
f 411/556/476 417/557/475 490/554/475 
s 799
f 492/558/477 490/554/475 417/557/475 
s 800
f 417/557/475 416/559/477 492/558/477 
s 801
f 493/560/403 492/558/477 416/559/477 
s 802
f 416/559/477 418/561/403 493/560/403 
s 803
f 494/562/478 493/563/403 418/564/403 
s 804
f 418/564/403 415/565/478 494/562/478 
s 805
f 495/566/479 494/562/478 415/565/478 
s 806
f 415/565/478 414/567/479 495/566/479 
s 807
f 496/568/480 495/566/479 414/567/479 
s 808
f 414/567/479 413/569/480 496/568/480 
s 809
f 497/570/481 496/568/480 413/569/480 
s 810
f 413/569/480 412/571/481 497/570/481 
s 811
f 491/555/476 497/570/481 412/571/481 
s 812
f 412/571/481 411/556/476 491/555/476 
s 813
f 498/572/403 499/573/403 500/574/403 
s 814
f 498/572/403 500/574/403 501/575/403 
s 815
f 498/572/403 501/575/403 502/576/403 
s 816
f 503/577/403 498/572/403 502/576/403 
s 817
f 500/574/403 504/578/403 505/579/403 
s 818
f 500/574/403 505/579/403 501/575/403 
s 819
f 505/579/403 506/580/403 501/575/403 
s 820
f 459/523/444 507/581/482 458/522/443 
s 821
f 507/581/482 459/523/444 462/526/447 
s 822
f 462/526/447 508/582/483 507/581/482 
s 823
f 508/582/483 462/526/447 464/528/449 
s 824
f 464/528/449 509/583/484 508/582/483 
s 825
f 509/583/484 464/528/449 466/530/451 
s 826
f 466/530/451 510/584/485 509/583/484 
s 827
f 510/584/485 466/530/451 511/585/486 
s 828
f 511/585/486 512/586/487 510/584/485 
s 829
f 512/586/487 511/585/486 513/587/488 
s 830
f 513/587/488 514/588/489 512/586/487 
s 831
f 514/588/489 513/587/488 515/589/490 
s 832
f 515/589/490 516/590/491 514/588/489 
s 833
f 467/531/452 511/585/486 466/530/451 
s 834
f 511/585/486 467/531/452 470/534/455 
s 835
f 470/534/455 513/587/488 511/585/486 
s 836
f 513/587/488 470/534/455 469/533/454 
s 837
f 469/533/454 515/589/490 513/587/488 
s 838
f 515/589/490 469/533/454 517/591/492 
s 839
f 517/591/492 518/592/493 515/589/490 
s 840
f 516/590/491 515/589/490 518/592/493 
s 841
f 518/592/493 519/593/494 516/590/491 
s 842
f 425/594/410 429/595/414 520/596/495 
s 843
f 520/596/495 521/597/496 425/594/410 
s 844
f 521/597/496 520/596/495 519/593/494 
s 845
f 519/593/494 518/592/493 521/597/496 
s 846
f 522/598/497 521/597/496 518/592/493 
s 847
f 518/592/493 517/591/492 522/598/497 
s 848
f 523/599/498 522/598/497 517/591/492 
s 849
f 517/591/492 524/600/499 523/599/498 
s 850
f 524/600/499 517/591/492 469/533/454 
s 851
f 469/533/454 468/532/453 524/600/499 
s 852
f 422/601/407 425/594/410 521/597/496 
s 853
f 521/597/496 522/598/497 422/601/407 
s 854
f 419/602/404 422/601/407 522/598/497 
s 855
f 522/598/497 523/599/498 419/602/404 
s 856
f 420/603/405 419/602/404 523/599/498 
s 857
f 523/599/498 525/604/500 420/603/405 
s 858
f 525/604/500 523/599/498 524/600/499 
s 859
f 524/600/499 526/605/501 525/604/500 
s 860
f 526/605/501 524/600/499 468/532/453 
s 861
f 468/532/453 476/540/461 526/605/501 
s 862
f 527/606/502 528/607/503 498/608/504 
s 863
f 498/608/504 503/609/505 527/606/502 
s 864
f 529/610/506 527/606/502 503/609/505 
s 865
f 503/609/505 502/611/507 529/610/506 
s 866
f 530/612/508 529/610/506 502/611/507 
s 867
f 502/611/507 501/613/509 530/612/508 
s 868
f 527/606/502 529/610/506 531/614/510 
s 869
f 532/615/511 531/614/510 529/610/506 
s 870
f 533/616/512 532/615/511 529/610/506 
s 871
f 529/610/506 530/612/508 533/616/512 
s 872
f 534/617/513 533/616/512 530/612/508 
s 873
f 535/618/514 534/617/513 530/612/508 
s 874
f 530/612/508 536/619/515 535/618/514 
s 875
f 536/619/515 530/612/508 501/613/509 
s 876
f 501/613/509 506/620/516 536/619/515 
s 877
f 537/621/517 538/622/518 539/623/519 
s 878
f 539/623/519 540/624/520 537/621/517 
s 879
f 541/625/521 537/621/517 540/624/520 
s 880
f 542/626/522 541/625/521 540/624/520 
s 881
f 540/624/520 528/607/503 542/626/522 
s 882
f 543/627/523 542/626/522 528/607/503 
s 883
f 544/628/524 543/627/523 528/607/503 
s 884
f 528/607/503 527/606/502 544/628/524 
s 885
f 545/629/525 544/628/524 527/606/502 
s 886
f 531/614/510 545/629/525 527/606/502 
s 887
f 546/630/526 536/631/515 506/632/516 
s 888
f 506/632/516 505/633/527 546/630/526 
s 889
f 547/634/528 546/630/526 505/633/527 
s 890
f 505/633/527 504/635/529 547/634/528 
s 891
f 539/623/519 547/634/528 504/635/529 
s 892
f 504/635/529 500/636/530 539/623/519 
s 893
f 540/624/520 539/623/519 500/636/530 
s 894
f 500/636/530 499/637/531 540/624/520 
s 895
f 528/607/503 540/624/520 499/637/531 
s 896
f 499/637/531 498/608/504 528/607/503 
s 897
f 548/638/532 535/639/514 536/631/515 
s 898
f 549/640/533 548/638/532 536/631/515 
s 899
f 536/631/515 546/630/526 549/640/533 
s 900
f 550/641/534 549/640/533 546/630/526 
s 901
f 551/642/535 550/641/534 546/630/526 
s 902
f 546/630/526 547/634/528 551/642/535 
s 903
f 552/643/536 551/642/535 547/634/528 
s 904
f 553/644/537 552/643/536 547/634/528 
s 905
f 547/634/528 539/623/519 553/644/537 
s 906
f 538/622/518 553/644/537 539/623/519 
s 907
f 230/645/226 219/646/225 554/647/538 
s 908
f 554/647/538 555/648/539 230/645/226 
s 909
f 219/646/225 215/649/540 214/650/541 
s 910
f 219/646/225 214/650/541 213/651/542 
s 911
f 213/651/542 554/647/538 219/646/225 
s 912
f 554/647/538 213/651/542 556/652/543 
s 913
f 555/648/539 554/647/538 556/652/543 
s 914
f 556/652/543 557/653/544 555/648/539 
s 915
f 206/654/545 555/648/539 557/653/544 
s 916
f 555/648/539 206/654/545 326/655/546 
s 917
f 326/655/546 230/645/226 555/648/539 
s 918
f 326/655/546 325/656/547 230/645/226 
s 919
f 558/657/548 559/658/549 532/615/549 
s 920
f 532/615/549 533/616/548 558/657/548 
s 921
f 560/659/550 558/657/548 533/616/548 
s 922
f 533/616/548 534/617/550 560/659/550 
s 923
f 440/504/316 560/659/550 534/617/550 
s 924
f 534/617/550 535/618/316 440/504/316 
s 925
f 561/660/551 562/661/552 542/626/552 
s 926
f 542/626/552 543/627/551 561/660/551 
s 927
f 563/662/553 561/660/551 543/627/551 
s 928
f 543/627/551 544/628/553 563/662/553 
s 929
f 564/663/554 563/662/553 544/628/553 
s 930
f 544/628/553 545/629/554 564/663/554 
s 931
f 565/664/555 564/663/554 545/629/554 
s 932
f 545/629/554 531/614/555 565/664/555 
s 933
f 559/658/549 565/664/555 531/614/555 
s 934
f 531/614/555 532/615/549 559/658/549 
s 935
f 566/665/556 567/666/557 552/643/557 
s 936
f 552/643/557 553/644/556 566/665/556 
s 937
f 568/667/558 566/665/556 553/644/556 
s 938
f 553/644/556 538/622/558 568/667/558 
s 939
f 569/668/559 568/667/558 538/622/558 
s 940
f 538/622/558 537/621/559 569/668/559 
s 941
f 570/669/98 569/668/559 537/621/559 
s 942
f 537/621/559 541/625/98 570/669/98 
s 943
f 562/661/552 570/669/98 541/625/98 
s 944
f 541/625/98 542/626/552 562/661/552 
s 945
f 571/670/560 440/671/316 535/639/316 
s 946
f 535/639/316 548/638/560 571/670/560 
s 947
f 572/672/561 571/670/560 548/638/560 
s 948
f 548/638/560 549/640/561 572/672/561 
s 949
f 573/673/562 572/672/561 549/640/561 
s 950
f 549/640/561 550/641/562 573/673/562 
s 951
f 574/674/563 573/673/562 550/641/562 
s 952
f 550/641/562 551/642/563 574/674/563 
s 953
f 567/666/557 574/674/563 551/642/563 
s 954
f 551/642/563 552/643/557 567/666/557 
s 955
f 487/675/472 575/676/564 485/677/470 
s 956
f 485/677/470 575/676/564 576/678/565 
s 957
f 576/678/565 483/679/468 485/677/470 
s 958
f 483/679/468 576/678/565 481/680/466 
s 959
f 481/680/466 576/678/565 577/681/566 
s 960
f 577/681/566 480/682/465 481/680/466 
s 961
f 480/682/465 577/681/566 479/683/464 
s 962
f 578/684/567 579/685/568 580/686/569 
s 963
f 578/684/567 580/686/569 576/678/565 
s 964
f 580/686/569 577/681/566 576/678/565 
s 965
f 479/683/464 577/681/566 580/686/569 
s 966
f 580/686/569 478/687/463 479/683/464 
s 967
f 478/687/463 580/686/569 477/688/462 
s 968
f 477/688/462 580/686/569 579/685/568 
s 969
f 579/685/568 476/689/461 477/688/462 
s 970
f 476/689/461 579/685/568 526/690/501 
s 971
f 526/690/501 579/685/568 578/684/567 
s 972
f 578/684/567 525/691/500 526/690/501 
s 973
f 525/691/500 578/684/567 420/692/405 
s 974
f 420/692/405 578/684/567 581/693/570 
s 975
f 581/693/570 578/684/567 576/678/565 
s 976
f 581/693/570 576/678/565 575/676/564 
s 977
f 581/693/570 575/676/564 582/694/571 
s 978
f 583/695/572 581/693/570 582/694/571 
s 979
f 581/693/570 421/696/406 420/692/405 
s 980
f 421/696/406 581/693/570 424/697/409 
s 981
f 424/697/409 581/693/570 583/695/572 
s 982
f 583/695/572 428/698/413 424/697/409 
s 983
f 428/698/413 583/695/572 433/699/418 
s 984
f 433/699/418 583/695/572 582/694/571 
s 985
f 582/694/571 434/700/419 433/699/418 
s 986
f 434/700/419 582/694/571 489/701/474 
s 987
f 489/701/474 582/694/571 575/676/564 
s 988
f 575/676/564 487/675/472 489/701/474 
s 989
f 337/702/573 1/1/573 4/4/573 
s 990
f 4/4/573 330/703/573 337/702/573 
s 991
f 338/704/481 337/702/481 330/703/481 
s 992
f 330/703/481 331/705/481 338/704/481 
s 993
f 339/706/574 338/704/574 331/705/574 
s 994
f 331/705/574 335/707/574 339/706/574 
s 995
f 340/708/575 339/706/575 335/707/575 
s 996
f 335/707/575 336/709/575 340/708/575 
s 997
f 2/2/403 340/710/403 336/711/403 
s 998
f 336/711/403 3/3/403 2/2/403 
s 999
f 556/712/576 213/231/577 212/230/578 
s 1000
f 556/712/576 212/230/578 207/225/579 
s 1001
f 207/225/579 557/713/580 556/712/576 
s 1002
f 207/225/579 206/224/581 557/713/580 
s 1003
f 584/714/28 585/715/28 586/716/28 
s 1004
f 586/716/28 587/717/28 584/714/28 
s 1005
f 588/718/28 584/714/28 587/717/28 
s 1006
f 587/717/28 589/719/28 588/718/28 
s 1007
f 588/718/28 589/719/28 590/720/28 
s 1008
f 590/720/28 591/721/28 588/718/28 
s 1009
f 591/721/28 590/720/28 592/722/28 
s 1010
f 592/722/28 593/723/28 591/721/28 
s 1011
f 593/723/28 592/722/28 594/724/28 
s 1012
f 594/724/28 595/725/28 593/723/28 
s 1013
f 595/725/28 594/724/28 596/726/28 
s 1014
f 596/726/28 597/727/28 595/725/28 
s 1015
f 597/727/28 596/726/28 598/728/28 
s 1016
f 598/728/28 599/729/28 597/727/28 
s 1017
f 599/729/28 598/728/28 600/730/28 
s 1018
f 600/730/28 601/731/28 599/729/28 
s 1019
f 601/731/28 600/730/28 602/732/28 
s 1020
f 602/732/28 603/733/28 601/731/28 
s 1021
f 603/733/28 602/732/28 604/734/28 
s 1022
f 604/734/28 605/735/28 603/733/28 
s 1023
f 606/736/28 605/735/28 604/734/28 
s 1024
f 604/734/28 607/737/28 606/736/28 
s 1025
f 608/738/28 606/736/28 607/737/28 
s 1026
f 607/737/28 609/739/28 608/738/28 
s 1027
f 610/740/28 608/738/28 609/739/28 
s 1028
f 609/739/28 611/741/28 610/740/28 
s 1029
f 612/742/28 610/740/28 611/741/28 
s 1030
f 611/741/28 613/743/28 612/742/28 
s 1031
f 614/744/28 612/742/28 613/743/28 
s 1032
f 613/743/28 615/745/28 614/744/28 
s 1033
f 585/715/28 614/744/28 615/745/28 
s 1034
f 615/745/28 586/716/28 585/715/28 
s 1035
f 616/746/582 617/747/583 610/748/583 
s 1036
f 610/748/583 612/749/582 616/746/582 
s 1037
f 618/750/584 616/746/582 612/749/582 
s 1038
f 612/749/582 614/751/584 618/750/584 
s 1039
f 619/752/585 618/750/584 614/751/584 
s 1040
f 614/751/584 585/753/585 619/752/585 
s 1041
f 620/754/586 619/752/585 585/753/585 
s 1042
f 585/753/585 584/755/586 620/754/586 
s 1043
f 621/756/316 620/754/586 584/755/586 
s 1044
f 584/755/586 588/757/316 621/756/316 
s 1045
f 621/756/316 588/757/316 591/758/587 
s 1046
f 591/758/587 622/759/587 621/756/316 
s 1047
f 622/759/587 591/758/587 593/760/588 
s 1048
f 593/760/588 623/761/588 622/759/587 
s 1049
f 623/761/588 593/760/588 595/762/589 
s 1050
f 595/762/589 624/763/589 623/761/588 
s 1051
f 624/763/589 595/762/589 597/764/590 
s 1052
f 597/764/590 625/765/590 624/763/589 
s 1053
f 625/765/590 597/764/590 599/766/591 
s 1054
f 599/766/591 626/767/591 625/765/590 
s 1055
f 626/767/591 599/766/591 601/768/592 
s 1056
f 601/768/592 627/769/592 626/767/591 
s 1057
f 627/769/592 601/768/592 603/770/593 
s 1058
f 603/770/593 628/771/593 627/769/592 
s 1059
f 628/771/593 603/770/593 605/772/594 
s 1060
f 605/772/594 629/773/594 628/771/593 
s 1061
f 630/774/595 629/773/594 605/772/594 
s 1062
f 605/772/594 606/775/595 630/774/595 
s 1063
f 631/776/596 630/774/595 606/775/595 
s 1064
f 606/775/595 608/777/596 631/776/596 
s 1065
f 617/778/583 631/776/596 608/777/596 
s 1066
f 608/777/596 610/779/583 617/778/583 
s 1067
f 354/23/368 14/24/11 15/25/12 
s 1068
f 15/25/12 348/26/362 354/23/368 
s 1069
f 347/27/361 348/26/362 15/25/12 
s 1070
f 15/25/12 17/28/14 347/27/361 
s 1071
f 632/717/29 633/716/29 619/715/29 
s 1072
f 619/715/29 620/714/29 632/717/29 
s 1073
f 634/719/29 632/717/29 620/714/29 
s 1074
f 620/714/29 621/718/29 634/719/29 
s 1075
f 634/719/29 621/718/29 622/721/29 
s 1076
f 622/721/29 635/720/29 634/719/29 
s 1077
f 635/720/29 622/721/29 623/723/29 
s 1078
f 623/723/29 636/722/29 635/720/29 
s 1079
f 636/722/29 623/723/29 624/725/29 
s 1080
f 624/725/29 637/724/29 636/722/29 
s 1081
f 637/724/29 624/725/29 625/727/29 
s 1082
f 625/727/29 638/726/29 637/724/29 
s 1083
f 638/726/29 625/727/29 626/729/29 
s 1084
f 626/729/29 639/728/29 638/726/29 
s 1085
f 639/728/29 626/729/29 627/731/29 
s 1086
f 627/731/29 640/730/29 639/728/29 
s 1087
f 640/730/29 627/731/29 628/733/29 
s 1088
f 628/733/29 641/732/29 640/730/29 
s 1089
f 641/732/29 628/733/29 629/735/29 
s 1090
f 629/735/29 642/734/29 641/732/29 
s 1091
f 643/737/29 642/734/29 629/735/29 
s 1092
f 629/735/29 630/736/29 643/737/29 
s 1093
f 644/739/29 643/737/29 630/736/29 
s 1094
f 630/736/29 631/738/29 644/739/29 
s 1095
f 645/741/29 644/739/29 631/738/29 
s 1096
f 631/738/29 617/740/29 645/741/29 
s 1097
f 646/743/29 645/741/29 617/740/29 
s 1098
f 617/740/29 616/742/29 646/743/29 
s 1099
f 647/745/29 646/743/29 616/742/29 
s 1100
f 616/742/29 618/744/29 647/745/29 
s 1101
f 633/716/29 647/745/29 618/744/29 
s 1102
f 618/744/29 619/715/29 633/716/29 
s 1103
f 644/780/597 645/781/598 611/782/598 
s 1104
f 611/782/598 609/783/597 644/780/597 
s 1105
f 643/784/599 644/780/597 609/783/597 
s 1106
f 609/783/597 607/785/599 643/784/599 
s 1107
f 642/773/600 643/784/599 607/785/599 
s 1108
f 607/785/599 604/772/600 642/773/600 
s 1109
f 642/773/600 604/772/600 602/770/601 
s 1110
f 602/770/601 641/771/601 642/773/600 
s 1111
f 641/771/601 602/770/601 600/786/602 
s 1112
f 600/786/602 640/787/602 641/771/601 
s 1113
f 640/787/602 600/786/602 598/788/603 
s 1114
f 598/788/603 639/789/603 640/787/602 
s 1115
f 639/789/603 598/788/603 596/790/604 
s 1116
f 596/790/604 638/791/604 639/789/603 
s 1117
f 638/791/604 596/790/604 594/792/605 
s 1118
f 594/792/605 637/793/605 638/791/604 
s 1119
f 637/793/605 594/792/605 592/794/606 
s 1120
f 592/794/606 636/795/606 637/793/605 
s 1121
f 636/795/606 592/794/606 590/796/607 
s 1122
f 590/796/607 635/797/607 636/795/606 
s 1123
f 635/797/607 590/796/607 589/757/98 
s 1124
f 589/757/98 634/756/98 635/797/607 
s 1125
f 632/798/608 634/756/98 589/757/98 
s 1126
f 589/757/98 587/799/608 632/798/608 
s 1127
f 633/800/609 632/798/608 587/799/608 
s 1128
f 587/799/608 586/801/609 633/800/609 
s 1129
f 647/802/610 633/800/609 586/801/609 
s 1130
f 586/801/609 615/803/610 647/802/610 
s 1131
f 646/804/611 647/802/610 615/803/610 
s 1132
f 615/803/610 613/805/611 646/804/611 
s 1133
f 645/806/598 646/804/611 613/805/611 
s 1134
f 613/805/611 611/807/598 645/806/598 
s 1135
f 648/808/28 171/809/28 649/810/612 
s 1136
f 649/810/612 650/811/613 648/808/28 
s 1137
f 651/812/28 648/808/28 650/811/613 
s 1138
f 650/811/613 652/813/614 651/812/28 
s 1139
f 653/814/28 651/812/28 652/813/614 
s 1140
f 652/813/614 654/815/615 653/814/28 
s 1141
f 655/816/28 653/814/28 654/815/615 
s 1142
f 654/815/615 656/817/616 655/816/28 
s 1143
f 657/818/28 655/816/28 656/817/616 
s 1144
f 656/817/616 658/819/617 657/818/28 
s 1145
f 111/820/28 657/818/28 658/819/617 
s 1146
f 658/819/617 659/821/618 111/820/28 
s 1147
f 100/822/28 111/820/28 659/821/618 
s 1148
f 652/813/614 650/811/613 660/823/619 
s 1149
f 654/815/615 652/813/614 660/823/619 
s 1150
f 656/817/616 654/815/615 660/823/619 
s 1151
f 658/819/617 656/817/616 660/823/619 
s 1152
f 659/821/618 658/819/617 660/823/619 
s 1153
f 661/824/620 662/825/621 660/823/619 
s 1154
f 663/826/622 661/824/620 660/823/619 
s 1155
f 664/827/623 663/826/622 660/823/619 
s 1156
f 665/828/624 664/827/623 660/823/619 
s 1157
f 666/829/625 665/828/624 660/823/619 
s 1158
f 667/830/626 666/829/625 660/823/619 
s 1159
f 668/831/627 667/830/626 660/823/619 
s 1160
f 669/832/628 668/831/627 660/823/619 
s 1161
f 649/810/612 669/832/628 660/823/619 
s 1162
f 650/811/613 649/810/612 660/823/619 
s 1163
f 186/833/28 187/834/28 665/828/624 
s 1164
f 665/828/624 666/829/625 186/833/28 
s 1165
f 185/835/28 186/833/28 666/829/625 
s 1166
f 666/829/625 667/830/626 185/835/28 
s 1167
f 184/836/28 185/835/28 667/830/626 
s 1168
f 667/830/626 668/831/627 184/836/28 
s 1169
f 172/837/28 184/836/28 668/831/627 
s 1170
f 668/831/627 669/832/628 172/837/28 
s 1171
f 171/809/28 172/837/28 669/832/628 
s 1172
f 669/832/628 649/810/612 171/809/28 
s 1173
f 662/825/621 659/821/618 660/823/619 
s 1174
f 659/821/618 662/825/621 100/822/28 
s 1175
f 101/838/28 100/822/28 662/825/621 
s 1176
f 662/825/621 661/824/620 101/838/28 
s 1177
f 189/839/28 101/838/28 661/824/620 
s 1178
f 661/824/620 663/826/622 189/839/28 
s 1179
f 188/840/28 189/839/28 663/826/622 
s 1180
f 663/826/622 664/827/623 188/840/28 
s 1181
f 187/834/28 188/840/28 664/827/623 
s 1182
f 664/827/623 665/828/624 187/834/28 
s 1183
f 195/841/629 194/842/630 670/843/631 
s 1184
f 670/843/631 671/844/632 195/841/629 
s 1185
f 190/845/633 195/841/629 671/844/632 
s 1186
f 671/844/632 672/846/634 190/845/633 
s 1187
f 192/847/635 190/845/633 672/846/634 
s 1188
f 672/846/634 161/166/165 192/847/635 
s 1189
f 191/848/636 192/847/635 161/166/165 
s 1190
f 161/166/165 160/165/164 191/848/636 
s 1191
f 148/153/152 191/848/636 160/165/164 
s 1192
f 160/165/164 149/154/153 148/153/152 
s 1193
f 194/842/630 193/849/637 673/850/638 
s 1194
f 673/850/638 670/843/631 194/842/630 
s 1195
f 670/843/631 673/850/638 674/851/639 
s 1196
f 674/851/639 675/852/640 670/843/631 
s 1197
f 671/844/632 670/843/631 675/852/640 
s 1198
f 675/852/640 676/853/641 671/844/632 
s 1199
f 672/846/634 671/844/632 676/853/641 
s 1200
f 676/853/641 677/854/642 672/846/634 
s 1201
f 161/166/165 672/846/634 677/854/642 
s 1202
f 677/854/642 162/167/166 161/166/165 
s 1203
f 162/167/166 677/854/642 170/175/173 
s 1204
f 678/855/643 170/175/173 677/854/642 
s 1205
f 677/854/642 676/853/641 678/855/643 
s 1206
f 679/856/644 678/855/643 676/853/641 
s 1207
f 676/853/641 675/852/640 679/856/644 
s 1208
f 680/857/645 679/856/644 675/852/640 
s 1209
f 675/852/640 674/851/639 680/857/645 
s 1210
f 170/175/173 678/855/643 176/181/179 
s 1211
f 179/186/182 176/181/179 678/855/643 
s 1212
f 678/855/643 679/856/644 179/186/182 
s 1213
f 177/182/180 179/186/182 679/856/644 
s 1214
f 679/856/644 680/857/645 177/182/180 
s 1215
f 108/183/113 177/182/180 680/857/645 
s 1216
f 680/857/645 106/858/111 108/183/113 
s 1217
f 106/858/111 680/857/645 674/851/639 
s 1218
f 674/851/639 103/859/108 106/858/111 
s 1219
f 103/859/108 674/851/639 673/850/638 
s 1220
f 673/850/638 146/860/150 103/859/108 
s 1221
f 146/860/150 673/850/638 193/849/637 
s 1222
f 193/849/637 145/861/149 146/860/150 
s 1223
f 519/593/494 572/672/646 573/673/647 
s 1224
f 572/672/646 519/593/494 520/596/495 
s 1225
f 520/596/495 571/670/648 572/672/646 
s 1226
f 571/670/648 520/596/495 429/595/414 
s 1227
f 429/595/414 440/671/425 571/670/648 
s 1228
f 509/583/484 568/667/649 569/668/650 
s 1229
f 568/667/649 509/583/484 510/584/485 
s 1230
f 510/584/485 566/665/651 568/667/649 
s 1231
f 566/665/651 510/584/485 512/586/487 
s 1232
f 512/586/487 567/666/652 566/665/651 
s 1233
f 567/666/652 512/586/487 514/588/489 
s 1234
f 514/588/489 574/674/653 567/666/652 
s 1235
f 574/674/653 514/588/489 516/590/491 
s 1236
f 516/590/491 573/673/647 574/674/653 
s 1237
f 573/673/647 516/590/491 519/593/494 
s 1238
f 455/519/440 563/662/654 564/663/655 
s 1239
f 563/662/654 455/519/440 456/520/441 
s 1240
f 456/520/441 561/660/656 563/662/654 
s 1241
f 561/660/656 456/520/441 458/522/443 
s 1242
f 458/522/443 562/661/657 561/660/656 
s 1243
f 562/661/657 458/522/443 507/581/482 
s 1244
f 507/581/482 570/669/658 562/661/657 
s 1245
f 570/669/658 507/581/482 508/582/483 
s 1246
f 508/582/483 569/668/650 570/669/658 
s 1247
f 569/668/650 508/582/483 509/583/484 
s 1248
f 439/503/424 560/659/659 440/504/425 
s 1249
f 560/659/659 439/503/424 444/508/429 
s 1250
f 444/508/429 558/657/660 560/659/659 
s 1251
f 558/657/660 444/508/429 445/509/430 
s 1252
f 445/509/430 559/658/661 558/657/660 
s 1253
f 559/658/661 445/509/430 453/517/438 
s 1254
f 453/517/438 565/664/662 559/658/661 
s 1255
f 565/664/662 453/517/438 454/518/439 
s 1256
f 454/518/439 564/663/655 565/664/662 
s 1257
f 564/663/655 454/518/439 455/519/440 
s 1258
f 681/33/27 682/36/28 683/35/28 
s 1259
f 683/35/28 684/34/27 681/33/27 
s 1260
f 681/33/27 684/34/27 685/32/26 
s 1261
f 685/32/26 686/29/26 681/33/27 
s 1262
f 686/29/26 685/32/26 687/31/24 
s 1263
f 687/31/24 688/30/403 686/29/26 
s 1264
f 688/30/403 687/31/24 689/32/31 
s 1265
f 689/32/31 690/29/31 688/30/403 
s 1266
f 690/29/31 689/32/31 691/34/30 
s 1267
f 691/34/30 692/33/30 690/29/31 
s 1268
f 693/36/29 692/33/30 691/34/30 
s 1269
f 691/34/30 694/35/29 693/36/29 
s 1270
f 695/862/663 246/272/243 247/273/244 
s 1271
f 247/273/244 251/277/248 695/862/663 
s 1272
f 696/863/664 695/862/663 251/277/248 
s 1273
f 251/277/248 259/285/256 696/863/664 
s 1274
f 697/864/665 696/863/664 259/285/256 
s 1275
f 259/285/256 261/287/258 697/864/665 
s 1276
f 698/865/666 697/864/665 261/287/258 
s 1277
f 261/287/258 262/288/259 698/865/666 
s 1278
f 236/866/233 698/865/666 262/288/259 
s 1279
f 262/288/259 237/290/234 236/866/233 
s 1280
f 683/355/98 694/361/98 691/360/98 
s 1281
f 683/355/98 691/360/98 689/359/98 
s 1282
f 683/355/98 689/359/98 687/358/98 
s 1283
f 683/355/98 687/358/98 685/357/98 
s 1284
f 683/355/98 685/357/98 684/356/98 
s 1285
f 112/117/117 657/867/667 111/116/116 
s 1286
f 655/868/668 657/867/667 112/117/117 
s 1287
f 112/117/117 116/121/121 655/868/668 
s 1288
f 653/869/669 655/868/668 116/121/121 
s 1289
f 116/121/121 118/123/122 653/869/669 
s 1290
f 651/870/670 653/869/669 118/123/122 
s 1291
f 118/123/122 120/125/124 651/870/670 
s 1292
f 648/871/671 651/870/670 120/125/124 
s 1293
f 120/125/124 122/127/126 648/871/671 
s 1294
f 171/176/174 648/871/671 122/127/126 
# 1294 faces

